-- ===================================================
-- DATABASE DUMP - Web Du Lịch (Aoklevart)
-- Exported at: 18:01:36 9/3/2026
-- Database: defaultdb
-- ===================================================

SET FOREIGN_KEY_CHECKS = 0;

-- ---------------------------------------------------
-- Bảng: users
-- ---------------------------------------------------
DROP TABLE IF EXISTS `users`;
CREATE TABLE "users" (
  "id" int NOT NULL AUTO_INCREMENT,
  "name" varchar(255) COLLATE utf8mb4_general_ci NOT NULL,
  "email" varchar(255) COLLATE utf8mb4_general_ci NOT NULL,
  "password" varchar(255) COLLATE utf8mb4_general_ci NOT NULL,
  "avatar" varchar(255) COLLATE utf8mb4_general_ci DEFAULT 'https://cdn-icons-png.flaticon.com/512/149/149071.png',
  "role" varchar(50) COLLATE utf8mb4_general_ci DEFAULT 'customer',
  "phone" varchar(20) COLLATE utf8mb4_general_ci DEFAULT NULL,
  "created_at" timestamp NOT NULL DEFAULT CURRENT_TIMESTAMP,
  PRIMARY KEY ("id"),
  UNIQUE KEY "email" ("email")
);

-- Data cho bảng users (4 dòng)
INSERT INTO `users` (`id`, `name`, `email`, `password`, `avatar`, `role`, `phone`, `created_at`) VALUES
(1, 'Nguyễn Văn A', 'test@gmail.com', '$2b$10$0T9nMAyZy1Ip5WUQCBP0Z.8xvWRM6uemXXkBHmWHmayh9pD2zYdqq', 'https://cdn-icons-png.flaticon.com/512/149/149071.png', 'customer', '0123456789', '2026-03-09 01:49:22'),
(2, 'Chủ nhà Elegant Hue', 'host2@example.com', 'password123', 'https://lh3.googleusercontent.com/aida-public/AB6AXuCbDd5vtbsKwJGeyNSm7Sm9j2C87ZmCv3K7nZN9x7grZ92SEyjJayM0DqBo6ijsH5APv74UOzhbPrp5p9h3f3hHuibjI8Sw7MGt3AFz_i0w2C2EnOyePYf-OJ8ZA1L6EWtCQc1KZrwPUAesUgxgHINnM-wqMBKKI2ICARLxqPy_zuQYe9vIijtntVH6EsHmWc25wfxYwg1WY', 'host', '0123456789', '2026-03-09 01:49:22'),
(3, 'Ban quản lý Kobi Onsen', 'host3@example.com', 'password123', '', 'host', '0123456789', '2026-03-09 01:49:22'),
(4, 'Chủ nhà Kly Luxury', 'host4@example.com', 'password123', 'assets/id_54/avatar.jpeg', 'host', '0123456789', '2026-03-09 01:49:22');

-- ---------------------------------------------------
-- Bảng: properties
-- ---------------------------------------------------
DROP TABLE IF EXISTS `properties`;
CREATE TABLE `properties` (
  `id` int(11) NOT NULL AUTO_INCREMENT,
  `host_id` int(11) NOT NULL,
  `name` varchar(255) NOT NULL,
  `type` varchar(50) DEFAULT NULL,
  `location` varchar(255) NOT NULL,
  `price_display` decimal(15,2) DEFAULT NULL,
  `description` text DEFAULT NULL,
  `map_image` varchar(255) DEFAULT NULL,
  `map_embed` text DEFAULT NULL,
  `is_hot` tinyint(1) DEFAULT 0,
  `created_at` timestamp NOT NULL DEFAULT current_timestamp(),
  PRIMARY KEY (`id`),
  KEY `host_id` (`host_id`),
  CONSTRAINT `properties_ibfk_1` FOREIGN KEY (`host_id`) REFERENCES `users` (`id`) ON DELETE CASCADE
) ENGINE=InnoDB AUTO_INCREMENT=109 DEFAULT CHARSET=utf8mb4 COLLATE=utf8mb4_general_ci;

-- Data cho bảng properties (22 dòng)
INSERT INTO `properties` (`id`, `host_id`, `name`, `type`, `location`, `price_display`, `description`, `map_image`, `map_embed`, `is_hot`, `created_at`) VALUES
(1, 1, 'Khách sạn Sân bay Havana', 'hotel', 'TP. Hồ Chí Minh, Việt Nam', '2500000.00', 'Khách sạn này là sự lựa chọn hoàn hảo cho các cặp đôi đang tìm kiếm một kỳ nghỉ lãng mạn hoặc một nơi nghỉ trăng mật. Tận hưởng những đêm đáng nhớ nhất với người yêu của bạn bằng cách ở tại Havana Airport Hotel.\n\nHavana Airport Hotel là một khách sạn gần Sân bay, một nơi ở lý tưởng trong khi chờ chuyến bay tiếp theo của bạn. Tận hưởng một nơi nghỉ ngơi thoải mái trong quá trình di chuyển của bạn.\n\nTừ sự kiện kinh doanh đến các cuộc họp công ty, Havana Airport Hotel cung cấp các dịch vụ và tiện nghi hoàn chỉnh mà bạn và đồng nghiệp của bạn cần.\n\nHãy vui vẻ với nhiều tiện nghi giải trí khác nhau dành cho bạn và cả gia đình tại Havana Airport Hotel, một nơi ở tuyệt vời cho kỳ nghỉ gia đình của bạn.\n\nNếu bạn dự định có một kỳ nghỉ dài hạn, việc ở tại Havana Airport Hotel là sự lựa chọn phù hợp với bạn. Cung cấp nhiều loại tiện nghi và chất lượng dịch vụ tuyệt vời, chỗ ở này chắc chắn sẽ khiến bạn cảm thấy như ở nhà.\n\nTrong khi đi du lịch với bạn bè có thể rất vui, thì việc đi du lịch một mình lại có những đặc quyền riêng. Đối với chỗ ở, Havana Airport Hotel phù hợp với những người coi trọng sự riêng tư trong thời gian lưu trú.\n\nDịch vụ tuyệt vời cùng với nhiều tiện nghi được cung cấp sẽ khiến bạn không phàn nàn trong thời gian lưu trú tại Havana Airport Hotel.\n\nWi-Fi có sẵn trong các khu vực công cộng của khách sạn để giúp bạn giữ liên lạc với gia đình và bạn bè.\n\nVới tất cả các tiện nghi được cung cấp, Havana Airport Hotel là nơi thích hợp để ở.', 'https://lh3.googleusercontent.com/aida-public/AB6AXuDrvgMY2AVYnyzdxJ39yFL_WbpvtD1wm0CaNoF8o7h3Il4noOJCeeVcPI7wi5PRMfL1btdG8pqW25RGjR-SonElWR2VukmexroNqQagpynpDmh6PqZEfU9CD1Qaav3NM3O0xgXzec-bjdBA5VR9A523HSotNrPoV3f6tPvChAYEHYQn_da2dQJjOs8d-GLGh5vh9vIiVmivt', 'https://www.google.com/maps/embed?pb=!1m18!1m12!1m3!1d3919.003571913024!2d106.66654419999999!3d10.8110377!2m3!1f0!2f0!3f0!3m2!1i1024!2i768!4f13.1!3m3!1m2!1s0x317529e0d1745e63%3A0x4fd96c21d1427f08!2sHavana%20Airport%20Hotel!5e0!3m2!1svi!2s!4v1764412109071!5m2!1svi!2s', 0, '2026-03-09 01:49:23'),
(31, 1, 'Khách sạn Muong Thanh Holiday Mui Ne', 'hotel', 'Mũi Né, TP. Phan Thiết, Bình Thuận', '1100000.00', 'Khách sạn này là lựa chọn hoàn hảo cho các kỳ nghỉ mát lãng mạn hay tuần trăng mật của các cặp đôi. Quý khách hãy tận hưởng những đêm đáng nhớ nhất cùng người thương của mình tại Muong Thanh Holiday Mui Ne Hotel.\n\nMuong Thanh Holiday Mui Ne Hotel là lựa chọn sáng giá dành cho những ai đang tìm kiếm một trải nghiệm xa hoa đầy thú vị trong kỳ nghỉ của mình. Lưu trú tại đây cũng là cách để quý khách chiều chuộng bản thân với những dịch vụ xuất sắc nhất và khiến kỳ nghỉ của mình trở nên thật đáng nhớ.\n\nTừ sự kiện doanh nghiệp đến họp mặt công ty, Muong Thanh Holiday Mui Ne Hotel cung cấp đầy đủ các dịch vụ và tiện nghi đáp ứng mọi nhu cầu của quý khách và đồng nghiệp.\n\nHãy tận hưởng thời gian vui vẻ cùng cả gia đình với hàng loạt tiện nghi giải trí tại Muong Thanh Holiday Mui Ne Hotel, một khách sạn tuyệt vời phù hợp cho mọi kỳ nghỉ bên người thân.\n\nHãy sẵn sàng đón nhận trải nghiệm khó quên bằng dịch vụ độc đáo và hoàn hảo của khách sạn cùng các tiện nghi đầy đủ, đáp ứng mọi nhu cầu của quý khách.\n\nQuầy tiếp tân 24 giờ luôn sẵn sàng phục vụ quý khách từ thủ tục nhận phòng đến trả phòng hay bất kỳ yêu cầu nào. Nếu cần giúp đỡ xin hãy liên hệ đội ngũ tiếp tân, chúng tôi luôn sẵn sàng hỗ trợ quý khách.\n\nTận hưởng những món ăn yêu thích với phong cách ẩm thực đặc biệt từ Muong Thanh Holiday Mui Ne Hotel chỉ dành riêng cho quý khách.\n\nSóng WiFi phủ khắp các khu vực chung của khách sạn cho phép quý khách luôn kết nối với gia đình và bè bạn.\n\nMuong Thanh Holiday Mui Ne Hotel là khách sạn sở hữu đầy đủ tiện nghi và dịch vụ xuất sắc theo nhận định của hầu hết khách lưu trú.\n\nHãy sẵn sàng đón nhận những giây phút vô giá khó phai trong suốt kỳ nghỉ của quý khách tại Muong Thanh Holiday Mui Ne Hotel.', 'https://lh3.googleusercontent.com/aida-public/AB6AXuDS0KIlSsN6dJIYuXVnex_-8DaJKtQBg5UAQea5dbOBBa_Evp7fTc60n9s4dWfX2y_rPXywBCnDE5JjwjgqSQ8cx1TkzipPkffG59yVVhzSDhLyp3Ka0RoZ0Ch-ILdXuF11r77qjlKXTjqho0CQgG18oqDWFdYWjLFDF1yFR3tVSBFzKuObXkOCKf6pCPEpNHSf18Ao4CZPu', 'https://www.google.com/maps/embed?pb=!1m18!1m12!1m3!1d177337.39921157522!2d108.31133615161234!3d10.838843507692536!2m3!1f0!2f0!3f0!3m2!1i1024!2i768!4f13.1!3m3!1m2!1s0x31768fe64bcdc76f%3A0x75da7e615cb2bb6f!2sM%C6%B0%E1%BB%9Dng%20Thanh%20Holiday%20Mui%20Ne%20Hotel!5e0!3m2!1svi!2s!4v1764508208910!5m2!1svi!2s', 1, '2026-03-09 01:49:23'),
(32, 1, 'The Anam Mui Ne', 'hotel', 'Phường Mũi Né, TP. Phan Thiết, Bình Thuận', '4500000.00', 'Từ sự kiện doanh nghiệp đến họp mặt công ty, The Anam Mui Ne cung cấp đầy đủ các dịch vụ và tiện nghi đáp ứng mọi nhu cầu của quý khách và đồng nghiệp.\nKhách sạn này là lựa chọn hoàn hảo cho các kỳ nghỉ mát lãng mạn hay tuần trăng mật của các cặp đôi. Quý khách hãy tận hưởng những đêm đáng nhớ nhất cùng người thương của mình tại The Anam Mui Ne\nNếu dự định có một kỳ nghỉ dài, thì The Anam Mui Ne chính là lựa chọn dành cho quý khách. Với đầy đủ tiện nghi với chất lượng dịch vụ tuyệt vời, The Anam Mui Ne sẽ khiến quý khách cảm thấy thoải mái như đang ở nhà vậy.\nThe Anam Mui Ne là lựa chọn sáng giá dành cho những ai đang tìm kiếm một trải nghiệm xa hoa đầy thú vị trong kỳ nghỉ của mình. Lưu trú tại đây cũng là cách để quý khách chiều chuộng bản thân với những dịch vụ xuất sắc nhất và khiến kỳ nghỉ của mình trở nên thật đáng nhớ.\nKhách sạn này là nơi tốt nhất dành cho những ai mong muốn một nơi thanh bình, thư thái để ẩn mình khỏi đám đông ồn ã, xô bồ.\nDịch vụ thượng hạng song hành với hàng loạt tiện nghi phong phú sẽ đem đến cho quý khách trải nghiệm của một kỳ nghỉ viên mãn nhất.\nTrung tâm thể dục của nơi nghỉ là một trong những tiện nghi không thể bỏ qua khi lưu trú tại đây.\nNhận ưu đãi đặc biệt dành cho các liệu pháp spa tinh tuý nhất giúp thư giãn tinh thần và làm tươi trẻ cơ thể.\nQuầy tiếp tân 24 giờ luôn sẵn sàng phục vụ quý khách từ thủ tục nhận phòng đến trả phòng hay bất kỳ yêu cầu nào. Nếu cần giúp đỡ xin hãy liên hệ đội ngũ tiếp tân, chúng tôi luôn sẵn sàng hỗ trợ quý khách.\nTận hưởng những món ăn yêu thích với phong cách ẩm thực đặc biệt từ The Anam Mui Ne chỉ dành riêng cho quý khách.\nSóng WiFi phủ khắp các khu vực chung của nơi nghỉ cho phép quý khách luôn kết nối với gia đình và bè bạn.\nThe Anam Mui Ne là nơi nghỉ sở hữu đầy đủ tiện nghi và dịch vụ xuất sắc theo nhận định của hầu hết khách lưu trú.\nHãy sẵn sàng đón nhận những giây phút vô giá khó phai trong suốt kỳ nghỉ của quý khách tại The Anam Mui Ne.', 'https://lh3.googleusercontent.com/aida-public/AB6AXuAvC4g-ucPNpf1l1ZYbPyNYJ9bhFTjfbxuOn5OQGuA4TwMBoFukthwEr5pPwtlExWEkXViZgAuXBYKS7bOnGJHjmur5VGjPPnrwYYeLU8Tlf2gAh0_MkDZnmwYd6XuPJWA3Nx5Tg7VA-1-afX3wWDgfaTI9tjOUg0XD44bZZZTzmfhOmlAceUVKMmaEuKf53Ycrrgxer8e_2', 'https://www.google.com/maps/embed?pb=!1m18!1m12!1m3!1d3917.266061967311!2d108.1943945!3d10.943263499999999!2m3!1f0!2f0!3f0!3m2!1i1024!2i768!4f13.1!3m3!1m2!1s0x31768560fadd3569%3A0x377cd94d4e5dcf23!2sThe%20Anam%20Mui%20Ne!5e0!3m2!1svi!2s!4v1764509888380!5m2!1svi!2s', 1, '2026-03-09 01:49:23'),
(33, 1, 'Amana Hotel Phan Thiet', 'hotel', 'Phường Phú Thủy, TP. Phan Thiết, Bình Thuận', '650000.00', 'Dịch vụ tuyệt vời, cơ sở vật chất hoàn chỉnh và các tiện nghi khách sạn cung cấp sẽ khiến quý khách không thể phàn nàn trong suốt kỳ lưu trú tại Amana Hotel Phan Thiet.\nQuầy tiếp tân 24 giờ luôn sẵn sàng phục vụ quý khách từ thủ tục nhận phòng đến trả phòng hay bất kỳ yêu cầu nào. Nếu cần giúp đỡ xin hãy liên hệ đội ngũ tiếp tân, chúng tôi luôn sẵn sàng hỗ trợ quý khách.\nSóng WiFi phủ khắp các khu vực chung của khách sạn cho phép quý khách luôn kết nối với gia đình và bè bạn.\nAmana Hotel Phan Thiet là khách sạn sở hữu đầy đủ tiện nghi và dịch vụ xuất sắc theo nhận định của hầu hết khách lưu trú.\nVới những tiện nghi sẵn có Amana Hotel Phan Thiet thực sự là một nơi lưu trú hoàn hảo.', 'https://lh3.googleusercontent.com/aida-public/AB6AXuAvC4g-ucPNpf1l1ZYbPyNYJ9bhFTjfbxuOn5OQGuA4TwMBoFukthwEr5pPwtlExWEkXViZgAuXBYKS7bOnGJHjmur5VGjPPnrwYYeLU8Tlf2gAh0_MkDZnmwYd6XuPJWA3Nx5Tg7VA-1-afX3wWDgfaTI9tjOUg0XD44bZZZTzmfhOmlAceUVKMmaEuKf53Ycrrgxer8e_2', 'https://www.google.com/maps/embed?pb=!1m18!1m12!1m3!1d3917.4442669558703!2d108.11885679999999!3d10.9297747!2m3!1f0!2f0!3f0!3m2!1i1024!2i768!4f13.1!3m3!1m2!1s0x317683e2e7d63a85%3A0x7f8bd20c2114d6b7!2sAMANA%20Hotel%20Phan%20Thiet!5e0!3m2!1svi!2s!4v1764511587374!5m2!1svi!2s', 1, '2026-03-09 01:49:23'),
(34, 1, 'Le\' VIVA Resort Mui Ne', 'hotel', 'TP. Phan Thiết, Bình Thuận', '1150000.00', 'Dù quý khách muốn tổ chức một sự kiện hay các dịp kỷ niệm đặc biệt khác, Le\' VIVA Resort Mui Ne là lựa chọn tuyệt vời cho quý khách với phòng chức năng rộng lớn, được trang bị đầy đủ để sẵn sàng đáp ứng mọi yêu cầu.\nKhách sạn này là lựa chọn hoàn hảo cho các kỳ nghỉ mát lãng mạn hay tuần trăng mật của các cặp đôi. Quý khách hãy tận hưởng những đêm đáng nhớ nhất cùng người thương của mình tại Le\' VIVA Resort Mui Ne\nLe\' VIVA Resort Mui Ne là lựa chọn sáng giá dành cho những ai đang tìm kiếm một trải nghiệm xa hoa đầy thú vị trong kỳ nghỉ của mình. Lưu trú tại đây cũng là cách để quý khách chiều chuộng bản thân với những dịch vụ xuất sắc nhất và khiến kỳ nghỉ của mình trở nên thật đáng nhớ.\nMột trong những đặc điểm chính của khách sạn này là các liệu pháp spa đa dạng. Hãy nâng niu bản thân bằng các liệu pháp thư giãn, phục hồi giúp quý khách tươi trẻ thân, tâm.\nTừ sự kiện doanh nghiệp đến họp mặt công ty, Le\' VIVA Resort Mui Ne cung cấp đầy đủ các dịch vụ và tiện nghi đáp ứng mọi nhu cầu của quý khách và đồng nghiệp.\nHãy tận hưởng thời gian vui vẻ cùng cả gia đình với hàng loạt tiện nghi giải trí tại Le\' VIVA Resort Mui Ne, một nơi nghỉ tuyệt vời phù hợp cho mọi kỳ nghỉ bên người thân.\nNếu dự định có một kỳ nghỉ dài, thì Le\' VIVA Resort Mui Ne chính là lựa chọn dành cho quý khách. Với đầy đủ tiện nghi với chất lượng dịch vụ tuyệt vời, Le\' VIVA Resort Mui Ne sẽ khiến quý khách cảm thấy thoải mái như đang ở nhà vậy.\nDu lịch một mình cũng không hề kém phần thú vị và Le\' VIVA Resort Mui Ne là nơi thích hợp dành riêng cho những ai đề cao sự riêng tư trong kỳ lưu trú.\nKhách sạn này là nơi tốt nhất dành cho những ai mong muốn một nơi thanh bình, thư thái để ẩn mình khỏi đám đông ồn ã, xô bồ.\nHãy sẵn sàng đón nhận trải nghiệm khó quên bằng dịch vụ độc đáo và hoàn hảo của nơi nghỉ cùng các tiện nghi đầy đủ, đáp ứng mọi nhu cầu của quý khách.\nTrung tâm thể dục của nơi nghỉ là một trong những tiện nghi không thể bỏ qua khi lưu trú tại đây.\nHưởng thụ một ngày thư thái đầy thú vị tại hồ bơi dù quý khách đang du lịch một mình hay cùng người thân.\nNhận ưu đãi đặc biệt dành cho các liệu pháp spa tinh tuý nhất giúp thư giãn tinh thần và làm tươi trẻ cơ thể.\nQuầy tiếp tân 24 giờ luôn sẵn sàng phục vụ quý khách từ thủ tục nhận phòng đến trả phòng hay bất kỳ yêu cầu nào. Nếu cần giúp đỡ xin hãy liên hệ đội ngũ tiếp tân, chúng tôi luôn sẵn sàng hỗ trợ quý khách.\nTận hưởng những món ăn yêu thích với phong cách ẩm thực đặc biệt từ Le\' VIVA Resort Mui Ne chỉ dành riêng cho quý khách.\nSóng WiFi phủ khắp các khu vực chung của nơi nghỉ cho phép quý khách luôn kết nối với gia đình và bè bạn.\nLe\' VIVA Resort Mui Ne là nơi nghỉ sở hữu đầy đủ tiện nghi và dịch vụ xuất sắc theo nhận định của hầu hết khách lưu trú.\nHãy sẵn sàng đón nhận những giây phút vô giá khó phai trong suốt kỳ nghỉ của quý khách tại Le\' VIVA Resort Mui Ne.', 'https://lh3.googleusercontent.com/aida-public/AB6AXuAvC4g-ucPNpf1l1ZYbPyNYJ9bhFTjfbxuOn5OQGuA4TwMBoFukthwEr5pPwtlExWEkXViZgAuXBYKS7bOnGJHjmur5VGjPPnrwYYeLU8Tlf2gAh0_MkDZnmwYd6XuPJWA3Nx5Tg7VA-1-afX3wWDgfaTI9tjOUg0XD44bZZZTzmfhOmlAceUVKMmaEuKf53Ycrrgxer8e_2', 'https://www.google.com/maps/embed?pb=!1m18!1m12!1m3!1d3917.157915314395!2d108.2545907!3d10.951441400000002!2m3!1f0!2f0!3f0!3m2!1i1024!2i768!4f13.1!3m3!1m2!1s0x31768f1c7bcc76a1%3A0xc5869e2b9375e30a!2sLe%20VIVA%20Resort%20Mui%20Ne!5e0!3m2!1svi!2s!4v1764512328577!5m2!1svi!2s', 1, '2026-03-09 01:49:23'),
(35, 1, 'Biệt thự MyGarden Phan Thiết Beachfront', 'villa', 'Xã Tiến Thành, TP. Phan Thiết, Bình Thuận', '7650000.00', 'Có một ngày vui vẻ và thư giãn tại hồ bơi, cho dù bạn đi du lịch một mình hay với những người thân yêu của mình.\nQuầy lễ tân 24 giờ luôn sẵn sàng phục vụ bạn, từ nhận phòng đến trả phòng hoặc bất kỳ sự hỗ trợ nào bạn cần. Nếu bạn muốn biết thêm, đừng ngần ngại hỏi quầy lễ tân, chúng tôi luôn sẵn sàng phục vụ bạn.\nNghỉ tại MyGarden Villa Phan Thiet Beachfront chắc chắn sẽ làm bạn hài lòng với sự hiếu khách tuyệt vời và giá cả phải chăng.', 'https://lh3.googleusercontent.com/aida-public/AB6AXuAvC4g-ucPNpf1l1ZYbPyNYJ9bhFTjfbxuOn5OQGuA4TwMBoFukthwEr5pPwtlExWEkXViZgAuXBYKS7bOnGJHjmur5VGjPPnrwYYeLU8Tlf2gAh0_MkDZnmwYd6XuPJWA3Nx5Tg7VA-1-afX3wWDgfaTI9tjOUg0XD44bZZZTzmfhOmlAceUVKMmaEuKf53Ycrrgxer8e_2', 'https://www.google.com/maps/embed?pb=!1m18!1m12!1m3!1d3919.0608236353105!2d108.02905899999999!3d10.806653599999999!2m3!1f0!2f0!3f0!3m2!1i1024!2i768!4f13.1!3m3!1m2!1s0x31742b85766c8ea5%3A0xbbcd964f72420aef!2sMyGarden%20Villa%20Phan%20Thiet%20Beachfront!5e0!3m2!1svi!2s!4v1764513059788!5m2!1svi!2s', 1, '2026-03-09 01:49:23'),
(41, 1, 'Ylang Garden Villa', 'villa', 'TP. Hội An, Quảng Nam', '8850000.00', 'Dịch vụ tuyệt vời, cơ sở vật chất hoàn chỉnh và các tiện nghi khách sạn cung cấp sẽ khiến quý khách không thể phàn nàn trong suốt kỳ lưu trú tại Ylang Garden Villa.\nHưởng thụ một ngày thư thái đầy thú vị tại hồ bơi dù quý khách đang du lịch một mình hay cùng người thân.\nQuầy tiếp tân 24 giờ luôn sẵn sàng phục vụ quý khách từ thủ tục nhận phòng đến trả phòng hay bất kỳ yêu cầu nào. Nếu cần giúp đỡ xin hãy liên hệ đội ngũ tiếp tân, chúng tôi luôn sẵn sàng hỗ trợ quý khách.\nYlang Garden Villa là khách sạn sở hữu đầy đủ tiện nghi và dịch vụ xuất sắc theo nhận định của hầu hết khách lưu trú.\nVới những tiện nghi sẵn có Ylang Garden Villa thực sự là một nơi lưu trú hoàn hảo.', 'https://lh3.googleusercontent.com/aida-public/AB6AXuAvC4g-ucPNpf1l1ZYbPyNYJ9bhFTjfbxuOn5OQGuA4TwMBoFukthwEr5pPwtlExWEkXViZgAuXBYKS7bOnGJHjmur5VGjPPnrwYYeLU8Tlf2gAh0_MkDZnmwYd6XuPJWA3Nx5Tg7VA-1-afX3wWDgfaTI9tjOUg0XD44bZZZTzmfhOmlAceUVKMmaEuKf53Ycrrgxer8e_2', 'https://www.google.com/maps/embed?pb=!1m18!1m12!1m3!1d3837.494300516853!2d108.35251520000001!3d15.883154299999998!2m3!1f0!2f0!3f0!3m2!1i1024!2i768!4f13.1!3m3!1m2!1s0x31420dc882573fe1%3A0x8c4436fcc55f339a!2sYlang%20Garden%20Villa!5e0!3m2!1svi!2s!4v1764513759793!5m2!1svi!2s', 1, '2026-03-09 01:49:23'),
(42, 1, 'Hotel Royal Hoi An - Gallery', 'hotel', 'TP. Hội An, Quảng Nam', '2000000.00', 'Khi lưu trú tại khách sạn thì nội thất và kiến trúc hẳn là hai yếu tố quan trọng khiến quý khách mãn nhãn. Với thiết kế độc đáo, Hotel Royal Hoi An - Gallery mang đến không gian lưu trú làm hài lòng quý khách.\nTừ sự kiện doanh nghiệp đến họp mặt công ty, Hotel Royal Hoi An - Gallery cung cấp đầy đủ các dịch vụ và tiện nghi đáp ứng mọi nhu cầu của quý khách và đồng nghiệp.\nDù quý khách muốn tổ chức một sự kiện hay các dịp kỷ niệm đặc biệt khác, Hotel Royal Hoi An - Gallery là lựa chọn tuyệt vời cho quý khách với phòng chức năng rộng lớn, được trang bị đầy đủ để sẵn sàng đáp ứng mọi yêu cầu.\nHãy tận hưởng thời gian vui vẻ cùng cả gia đình với hàng loạt tiện nghi giải trí tại Hotel Royal Hoi An - Gallery, một khách sạn tuyệt vời phù hợp cho mọi kỳ nghỉ bên người thân.\nHãy tận hưởng trải nghiệm lưu trú có một không hai tại toà nhà mang đậm dấu ấn lịch sử của Hotel Royal Hoi An - Gallery, điều quý khách khó có thể tìm thấy tại bất kỳ đâu.\nKhách sạn này là lựa chọn hoàn hảo cho các kỳ nghỉ mát lãng mạn hay tuần trăng mật của các cặp đôi. Quý khách hãy tận hưởng những đêm đáng nhớ nhất cùng người thương của mình tại Hotel Royal Hoi An - Gallery\nNếu dự định có một kỳ nghỉ dài, thì Hotel Royal Hoi An - Gallery chính là lựa chọn dành cho quý khách. Với đầy đủ tiện nghi với chất lượng dịch vụ tuyệt vời, Hotel Royal Hoi An - Gallery sẽ khiến quý khách cảm thấy thoải mái như đang ở nhà vậy.\nHotel Royal Hoi An - Gallery là lựa chọn sáng giá dành cho những ai đang tìm kiếm một trải nghiệm xa hoa đầy thú vị trong kỳ nghỉ của mình. Lưu trú tại đây cũng là cách để quý khách chiều chuộng bản thân với những dịch vụ xuất sắc nhất và khiến kỳ nghỉ của mình trở nên thật đáng nhớ.\nMột trong những đặc điểm chính của khách sạn này là các liệu pháp spa đa dạng. Hãy nâng niu bản thân bằng các liệu pháp thư giãn, phục hồi giúp quý khách tươi trẻ thân, tâm.\nDịch vụ thượng hạng song hành với hàng loạt tiện nghi phong phú sẽ đem đến cho quý khách trải nghiệm của một kỳ nghỉ viên mãn nhất.\nTrung tâm thể dục của khách sạn là một trong những tiện nghi không thể bỏ qua khi lưu trú tại đây.\nNhận ưu đãi đặc biệt dành cho các liệu pháp spa tinh tuý nhất giúp thư giãn tinh thần và làm tươi trẻ cơ thể.\nQuầy tiếp tân 24 giờ luôn sẵn sàng phục vụ quý khách từ thủ tục nhận phòng đến trả phòng hay bất kỳ yêu cầu nào. Nếu cần giúp đỡ xin hãy liên hệ đội ngũ tiếp tân, chúng tôi luôn sẵn sàng hỗ trợ quý khách.\nTận hưởng những món ăn yêu thích với phong cách ẩm thực đặc biệt từ Hotel Royal Hoi An - Gallery chỉ dành riêng cho quý khách.\nSóng WiFi phủ khắp các khu vực chung của khách sạn cho phép quý khách luôn kết nối với gia đình và bè bạn.\nHotel Royal Hoi An - Gallery là khách sạn sở hữu đầy đủ tiện nghi và dịch vụ xuất sắc theo nhận định của hầu hết khách lưu trú.\nTận hưởng trải nghiệm lưu trú xa hoa đầy thú vị không đâu sánh bằng tại Hotel Royal Hoi An - Gallery.', 'https://lh3.googleusercontent.com/aida-public/AB6AXuAvC4g-ucPNpf1l1ZYbPyNYJ9bhFTjfbxuOn5OQGuA4TwMBoFukthwEr5pPwtlExWEkXViZgAuXBYKS7bOnGJHjmur5VGjPPnrwYYeLU8Tlf2gAh0_MkDZnmwYd6XuPJWA3Nx5Tg7VA-1-afX3wWDgfaTI9tjOUg0XD44bZZZTzmfhOmlAceUVKMmaEuKf53Ycrrgxer8e_2', 'https://www.google.com/maps/embed?pb=!1m18!1m12!1m3!1d3837.617826285548!2d108.3198424!3d15.8766713!2m3!1f0!2f0!3f0!3m2!1i1024!2i768!4f13.1!3m3!1m2!1s0x31420e62d212ad4b%3A0x1971389a5808ddb6!2sHotel%20Royal%20Hoi%20An%20Gallery!5e0!3m2!1svi!2s!4v1764514447158!5m2!1svi!2s', 1, '2026-03-09 01:49:23'),
(43, 1, 'Reu Boutique Hotel', 'hotel', 'TP. Hội An, Quảng Nam', '1500000.00', 'Không chỉ sở hữu vị trí giúp quý khách dễ dàng ghé thăm những địa điểm lý thú trong chuyến hành trình, Reu Boutique Hotel cũng sẽ mang đến cho quý khách trải nghiệm lưu trú mỹ mãn.\nReu Boutique Hotel là đề xuất hàng đầu dành cho những tín đồ du lịch "bụi" mong muốn được nghỉ tại một khách sạn vừa thoải mái lại hợp túi tiền.\nKhi lưu trú tại khách sạn thì nội thất và kiến trúc hẳn là hai yếu tố quan trọng khiến quý khách mãn nhãn. Với thiết kế độc đáo, Reu Boutique Hotel mang đến không gian lưu trú làm hài lòng quý khách.\nTừ sự kiện doanh nghiệp đến họp mặt công ty, Reu Boutique Hotel cung cấp đầy đủ các dịch vụ và tiện nghi đáp ứng mọi nhu cầu của quý khách và đồng nghiệp.\nHãy tận hưởng thời gian vui vẻ cùng cả gia đình với hàng loạt tiện nghi giải trí tại Reu Boutique Hotel, một khách sạn tuyệt vời phù hợp cho mọi kỳ nghỉ bên người thân.\nKhách sạn này là lựa chọn lý tưởng cho cả du khách chơi golf nghiệp dư lẫn chuyên nghiệp.\nHãy tận hưởng trải nghiệm lưu trú có một không hai tại toà nhà mang đậm dấu ấn lịch sử của Reu Boutique Hotel, điều quý khách khó có thể tìm thấy tại bất kỳ đâu.\nKhách sạn này là lựa chọn hoàn hảo cho các kỳ nghỉ mát lãng mạn hay tuần trăng mật của các cặp đôi. Quý khách hãy tận hưởng những đêm đáng nhớ nhất cùng người thương của mình tại Reu Boutique Hotel\nNếu dự định có một kỳ nghỉ dài, thì Reu Boutique Hotel chính là lựa chọn dành cho quý khách. Với đầy đủ tiện nghi với chất lượng dịch vụ tuyệt vời, Reu Boutique Hotel sẽ khiến quý khách cảm thấy thoải mái như đang ở nhà vậy.\nReu Boutique Hotel là lựa chọn sáng giá dành cho những ai đang tìm kiếm một trải nghiệm xa hoa đầy thú vị trong kỳ nghỉ của mình. Lưu trú tại đây cũng là cách để quý khách chiều chuộng bản thân với những dịch vụ xuất sắc nhất và khiến kỳ nghỉ của mình trở nên thật đáng nhớ.\nDu lịch một mình cũng không hề kém phần thú vị và Reu Boutique Hotel là nơi thích hợp dành riêng cho những ai đề cao sự riêng tư trong kỳ lưu trú.\nMột trong những đặc điểm chính của khách sạn này là các liệu pháp spa đa dạng. Hãy nâng niu bản thân bằng các liệu pháp thư giãn, phục hồi giúp quý khách tươi trẻ thân, tâm.\nHãy sẵn sàng đón nhận trải nghiệm khó quên bằng dịch vụ độc đáo và hoàn hảo của khách sạn cùng các tiện nghi đầy đủ, đáp ứng mọi nhu cầu của quý khách.\nTrung tâm thể dục của khách sạn là một trong những tiện nghi không thể bỏ qua khi lưu trú tại đây.\nHưởng thụ một ngày thư thái đầy thú vị tại hồ bơi dù quý khách đang du lịch một mình hay cùng người thân.\nNhận ưu đãi đặc biệt dành cho các liệu pháp spa tinh tuý nhất giúp thư giãn tinh thần và làm tươi trẻ cơ thể.\nQuầy tiếp tân 24 giờ luôn sẵn sàng phục vụ quý khách từ thủ tục nhận phòng đến trả phòng hay bất kỳ yêu cầu nào. Nếu cần giúp đỡ xin hãy liên hệ đội ngũ tiếp tân, chúng tôi luôn sẵn sàng hỗ trợ quý khách.\nTận hưởng những món ăn yêu thích với phong cách ẩm thực đặc biệt từ Reu Boutique Hotel chỉ dành riêng cho quý khách.\nSóng WiFi phủ khắp các khu vực chung của khách sạn cho phép quý khách luôn kết nối với gia đình và bè bạn.\nReu Boutique Hotel là khách sạn sở hữu đầy đủ tiện nghi và dịch vụ xuất sắc theo nhận định của hầu hết khách lưu trú.\nHãy sẵn sàng đón nhận những giây phút vô giá khó phai trong suốt kỳ nghỉ của quý khách tại Reu Boutique Hotel.', 'https://lh3.googleusercontent.com/aida-public/AB6AXuAvC4g-ucPNpf1l1ZYbPyNYJ9bhFTjfbxuOn5OQGuA4TwMBoFukthwEr5pPwtlExWEkXViZgAuXBYKS7bOnGJHjmur5VGjPPnrwYYeLU8Tlf2gAh0_MkDZnmwYd6XuPJWA3Nx5Tg7VA-1-afX3wWDgfaTI9tjOUg0XD44bZZZTzmfhOmlAceUVKMmaEuKf53Ycrrgxer8e_2', 'https://www.google.com/maps/embed?pb=!1m18!1m12!1m3!1d3837.4081902222565!2d108.3354004!3d15.887672100000001!2m3!1f0!2f0!3f0!3m2!1i1024!2i768!4f13.1!3m3!1m2!1s0x31420d00150fb86d%3A0x2a7b388c71f99f9c!2sR%C3%AAu%20H%E1%BB%99i%20An%20Boutique%20Hotel!5e0!3m2!1svi!2s!4v1764514865951!5m2!1svi!2s', 1, '2026-03-09 01:49:23'),
(51, 2, 'Elegant Hue Hotel', 'hotel', 'Huế, Việt Nam', '0.00', 'Elegant Hue Hotel là lựa chọn tuyệt vời dành cho du khách muốn trải nghiệm một kỳ nghỉ thoải mái ngay trung tâm cố đô Huế. Với phong cách thiết kế trang nhã, tiện nghi đầy đủ và đội ngũ nhân viên thân thiện, khách sạn đảm bảo mang đến cho quý khách cảm giác dễ chịu như đang ở chính ngôi nhà của mình.\n\nTại Elegant Hue Hotel, quý khách có thể tận hưởng nhiều tiện ích như nhà hàng, quầy bar, tiệm cà phê và dịch vụ dọn phòng chuyên nghiệp. Khách sạn rất phù hợp cho các chuyến du lịch cùng gia đình, bạn bè hoặc nghỉ dưỡng cá nhân.\n\nVới vị trí thuận tiện gần các điểm tham quan nổi tiếng của thành phố Huế, đây là địa điểm lý tưởng để khám phá văn hóa và lịch sử nơi đây.\n\nElegant Hue Hotel luôn nỗ lực mang đến trải nghiệm lưu trú thoải mái, chu đáo và đáng nhớ cho mọi du khách.', 'https://lh3.googleusercontent.com/aida-public/AB6AXuCbDd5vtbsKwJGeyNSm7Sm9j2C87ZmCv3K7nZN9x7grZ92SEyjJayM0DqBo6ijsH5APv74UOzhbPrp5p9h3f3hHuibjI8Sw7MGt3AFz_i0w2C2EnOyePYf-OJ8ZA1L6EWtCQc1KZrwPUAesUgxgHINnM-wqMBKKI2ICARLxqPy_zuQYe9vIijtntVH6EsHmWc25wfxYwg1WY', 'https://www.google.com/maps/embed?pb=!1m18!1m12!1m3!1d30609.527456118005!2d107.5561338743164!3d16.465867!2m3!1f0!2f0!3f0!3m2!1i1024!2i768!4f13.1!3m3!1m2!1s0x3141a1ae6f9a5513%3A0x5874651d64409fa4!2sElegant%20Hue%20Hotel!5e0!3m2!1svi!2s!4v1764573866803!5m2!1svi!2s', 0, '2026-03-09 01:49:23'),
(52, 3, 'Kobi Onsen Resort Hue, Affiliated by Melia', 'hotel', 'Huế', '1300000.00', 'Kawara My An Onsen Resort – một khu phức hợp nghỉ dưỡng sức khỏe theo tiêu chuẩn onsen truyền thống của Nhật Bản, một trong những dự án tiêu biểu của BBGroup tại miền Trung Việt Nam.\n\nVới sứ mệnh là người tiên phong trong việc tạo ra các biểu tượng, BB Group đến với Huế với mong muốn chân thành để phát triển và tạo ra những ấn tượng du lịch mới lạ cho cố đô này. Nhờ sự chuyển giao công nghệ và kinh nghiệm vận hành từ Kawara Resort - một trong những thương hiệu khu nghỉ dưỡng suối nước nóng truyền thống nổi tiếng tại Nhật Bản, chúng tôi hy vọng sẽ mang đến cho du khách trải nghiệm về một khu phức hợp nghỉ dưỡng cao cấp, đặc biệt là dịch vụ onsen theo tiêu chuẩn Nhật Bản đáng chú ý và trên hết là sự giao lưu văn hóa giữa Đất nước Mặt trời mọc và Kinh thành Huế.\n\nTọa lạc cách Chợ No khoảng 2km và Chợ Đông Ba 8 km, resort còn cách Cầu Tràng Tiền 7 km. Khách có thể thưởng thức đồ uống tại quầy bar hoặc dùng bữa tại nhà hàng.\n\nBữa sáng tự chọn có thể được thưởng thức tại chỗ nghỉ.\n\nKhách có thể sử dụng trung tâm thể dục.\n\nNhân viên tại quầy lễ tân có thể giúp đỡ suốt ngày đêm với những lời khuyên về khu vực.\n\nHồ Tịnh Tâm cách resort 11 km, trong khi Bảo tàng Cổ vật Hoàng gia cách đó 11 km. Sân bay gần nhất là Sân bay Phú Bài, cách resort 25 km.', 'https://lh3.googleusercontent.com/aida-public/AB6AXuCbDd5vtbsKwJGeyNSm7Sm9j2C87ZmCv3K7nZN9x7grZ92SEyjJayM0DqBo6ijsH5APv74UOzhbPrp5p9h3f3hHuibjI8Sw7MGt3AFz_i0w2C2EnOyePYf-OJ8ZA1L6EWtCQc1KZrwPUAesUgxgHINnM-wqMBKKI2ICARLxqPy_zuQYe9vIijtntVH6EsHmWc24', 'https://www.google.com/maps/embed?pb=!1m18!1m12!1m3!1d3825.0987013433414!2d107.61347699999999!3d16.521114!2m3!1f0!2f0!3f0!3m2!1i1024!2i768!4f13.1!3m3!1m2!1s0x3141a10df33a083b%3A0x10306f98274eb769!2sKobi%20Onsen%20Resort%20Hue%2C%20Affiliated%20by%20Melia!5e0!3m2!1svi!2s!4v1764600401556!5m2!1svi!2s', 1, '2026-03-09 01:49:23'),
(53, 1, 'Muong Thanh Holiday Hue Hotel', 'hotel', 'Huế', '1000000.00', 'Từ sự kiện doanh nghiệp đến họp mặt công ty, Muong Thanh Holiday Hue Hotel cung cấp đầy đủ các dịch vụ và tiện nghi đáp ứng mọi nhu cầu của quý khách và đồng nghiệp.\n\nDù quý khách muốn tổ chức một sự kiện hay các dịp kỷ niệm đặc biệt khác, Muong Thanh Holiday Hue Hotel là lựa chọn tuyệt vời cho quý khách với phòng chức năng rộng lớn, được trang bị đầy đủ để sẵn sàng đáp ứng mọi yêu cầu.\n\nKhách sạn này là lựa chọn hoàn hảo cho các kỳ nghỉ mát lãng mạn hay tuần trăng mật của các cặp đôi. Quý khách hãy tận hưởng những đêm đáng nhớ nhất cùng người thương của mình tại Muong Thanh Holiday Hue Hotel.\n\nMuong Thanh Holiday Hue Hotel là lựa chọn sáng giá dành cho những ai đang tìm kiếm một trải nghiệm xa hoa đầy thú vị trong kỳ nghỉ của mình. Lưu trú tại đây cũng là cách để quý khách chiều chuộng bản thân với những dịch vụ xuất sắc nhất và khiến kỳ nghỉ của mình trở nên thật đáng nhớ.\n\nHãy sẵn sàng đón nhận trải nghiệm khó quên bằng dịch vụ độc đáo và hoàn hảo của khách sạn cùng các tiện nghi đầy đủ, đáp ứng mọi nhu cầu của quý khách.\n\nTrung tâm thể dục của khách sạn là một trong những tiện nghi không thể bỏ qua khi lưu trú tại đây.\n\nHưởng thụ một ngày thư thái đầy thú vị tại hồ bơi dù quý khách đang du lịch một mình hay cùng người thân.\n\nNhận ưu đãi đặc biệt dành cho các liệu pháp spa tinh tuý nhất giúp thư giãn tinh thần và làm tươi trẻ cơ thể.\n\nQuầy tiếp tân 24 giờ luôn sẵn sàng phục vụ quý khách từ thủ tục nhận phòng đến trả phòng hay bất kỳ yêu cầu nào. Nếu cần giúp đỡ xin hãy liên hệ đội ngũ tiếp tân, chúng tôi luôn sẵn sàng hỗ trợ quý khách.\n\nTận hưởng những món ăn yêu thích với phong cách ẩm thực đặc biệt từ Muong Thanh Holiday Hue Hotel chỉ dành riêng cho quý khách.\n\nSóng WiFi phủ khắp các khu vực chung của khách sạn cho phép quý khách luôn kết nối với gia đình và bè bạn.\n\nMuong Thanh Holiday Hue Hotel là khách sạn sở hữu đầy đủ tiện nghi và dịch vụ xuất sắc theo nhận định của hầu hết khách lưu trú.\n\nTận hưởng trải nghiệm lưu trú xa hoa đầy thú vị không đâu sánh bằng tại Muong Thanh Holiday Hue Hotel.', 'https://lh3.googleusercontent.com/aida-public/AB6AXuDrvgMY2AVYnyzdxJ39yFL_WbpvtD1wm0CaNoF8o7h3Il4noOJCeeVcPI7wi5PRMfL1btdG8pqW25RGjR-SonElWR2VukmexroNqQagpynpDmh6PqZEfU9CD1Qaav3NM3O0xgXzec-bjdBA5VR9A523HSotNrPoV3f6tPvChAYEHYQn_da2dQJjOs8d-GLGh5vh9vIiVmivt', 'https://www.google.com/maps/embed?pb=!1m18!1m12!1m3!1d3826.1212346610696!2d107.5934473!3d16.4693978!2m3!1f0!2f0!3f0!3m2!1i1024!2i768!4f13.1!3m3!1m2!1s0x3141a13cb6ac8431%3A0x4b9904d7eb09b194!2zS2jDoWNoIFPhuqFuIE3GsOG7nW5nIFRoYW5oIEhvbGlkYXkgSHXhur8!5e0!3m2!1svi!2s!4v1764600583652!5m2!1svi!2s', 0, '2026-03-09 01:49:23'),
(54, 4, 'Kly Luxury Hotel', 'hotel', 'Huế', '500000.00', 'Dành cho những du khách muốn du lịch thoải mái cùng ngân sách tiết kiệm, Kly Luxury Hotel sẽ là lựa chọn lưu trú hoàn hảo, nơi cung cấp các tiện nghi chất lượng và dịch vụ tuyệt vời.\n\nHãy tận hưởng thời gian vui vẻ cùng cả gia đình với hàng loạt tiện nghi giải trí tại Kly Luxury Hotel , một khách sạn tuyệt vời phù hợp cho mọi kỳ nghỉ bên người thân.\n\nKly Luxury Hotel là lựa chọn sáng giá dành cho những ai đang tìm kiếm một trải nghiệm xa hoa đầy thú vị trong kỳ nghỉ của mình. Lưu trú tại đây cũng là cách để quý khách chiều chuộng bản thân với những dịch vụ xuất sắc nhất và khiến kỳ nghỉ của mình trở nên thật đáng nhớ.\n\nDu lịch một mình cũng không hề kém phần thú vị và Kly Luxury Hotel là nơi thích hợp dành riêng cho những ai đề cao sự riêng tư trong kỳ lưu trú.\n\nQuầy tiếp tân 24 giờ luôn sẵn sàng phục vụ quý khách từ thủ tục nhận phòng đến trả phòng hay bất kỳ yêu cầu nào. Nếu cần giúp đỡ xin hãy liên hệ đội ngũ tiếp tân, chúng tôi luôn sẵn sàng hỗ trợ quý khách.\n\nSóng WiFi phủ khắp các khu vực chung của khách sạn cho phép quý khách luôn kết nối với gia đình và bè bạn.\n\nKly Luxury Hotel là khách sạn sở hữu đầy đủ tiện nghi và dịch vụ xuất sắc theo nhận định của hầu hết khách lưu trú.\n\nKly Luxury Hotel là lựa chọn lý tưởng cho những ai đang tìm kiếm một phòng nghỉ thoải mái với giá thành hợp lý.', 'https://lh3.googleusercontent.com/aida-public/AB6AXuDrvgMY2AVYnyzdxJ39yFL_WbpvtD1wm0CaNoF8o7h3Il4noOJCeeVcPI7wi5PRMfL1btdG8pqW25RGjR-SonElWR2VukmexroNqQagpynpDmh6PqZEfU9CD1Qaav3NM3O0xgXzec-bjdBA5VR9A523HSotNrPoV3f6tPvChAYEHYQn_da2dQJjOs8d-GLGh5vh9vIiVmivt', 'https://www.google.com/maps/embed?pb=!1m18!1m12!1m3!1d3826.214104750274!2d107.59013727471914!3d16.464692928730518!2m3!1f0!2f0!3f0!3m2!1i1024!2i768!4f13.1!3m3!1m2!1s0x3141a186361d9b9b%3A0xb067aa238fb07ee9!2sKLY%20LUXURY%20HOTEL%20HUE!5e0!3m2!1svi!2s!4v1764600835638!5m2!1svi!2s', 0, '2026-03-09 01:49:23'),
(55, 1, 'Moonlight Hotel Hue', 'hotel', 'Huế', '600000.00', 'Không chỉ sở hữu vị trí giúp quý khách dễ dàng ghé thăm những địa điểm lý thú trong chuyến hành trình, Moonlight Hotel Hue cũng sẽ mang đến cho quý khách trải nghiệm lưu trú mỹ mãn.\n\nMoonlight Hotel Hue là đề xuất hàng đầu dành cho những tín đồ du lịch "bụi" mong muốn được nghỉ tại một khách sạn vừa thoải mái lại hợp túi tiền.\n\nKhi lưu trú tại khách sạn thì nội thất và kiến trúc hẳn là hai yếu tố quan trọng khiến quý khách mãn nhãn. Với thiết kế độc đáo, Moonlight Hotel Hue mang đến không gian lưu trú làm hài lòng quý khách.\n\nDành cho những du khách muốn du lịch thoải mái cùng ngân sách tiết kiệm, Moonlight Hotel Hue sẽ là lựa chọn lưu trú hoàn hảo, nơi cung cấp các tiện nghi chất lượng và dịch vụ tuyệt vời.\n\nTừ sự kiện doanh nghiệp đến họp mặt công ty, Moonlight Hotel Hue cung cấp đầy đủ các dịch vụ và tiện nghi đáp ứng mọi nhu cầu của quý khách và đồng nghiệp.\n\nDù quý khách muốn tổ chức một sự kiện hay các dịp kỷ niệm đặc biệt khác, Moonlight Hotel Hue là lựa chọn tuyệt vời cho quý khách với phòng chức năng rộng lớn, được trang bị đầy đủ để sẵn sàng đáp ứng mọi yêu cầu.\n\nHãy tận hưởng thời gian vui vẻ cùng cả gia đình với hàng loạt tiện nghi giải trí tại Moonlight Hotel Hue, một khách sạn tuyệt vời phù hợp cho mọi kỳ nghỉ bên người thân.\n\nKhách sạn này là lựa chọn hoàn hảo cho các kỳ nghỉ mát lãng mạn hay tuần trăng mật của các cặp đôi. Quý khách hãy tận hưởng những đêm đáng nhớ nhất cùng người thương của mình tại Moonlight Hotel Hue.', 'https://lh3.googleusercontent.com/aida-public/AB6AXuDrvgMY2AVYnyzdxJ39yFL_WbpvtD1wm0CaNoF8o7h3Il4noOJCeeVcPI7wi5PRMfL1btdG8pqW25RGjR-SonElWR2VukmexroNqQagpynpDmh6PqZEfU9CD1Qaav3NM3O0xgXzec-bjdBA5VR9A523HSotNrPoV3f6tPvChAYEHYQn_da2dQJjOs8d-GLGh5vh9vIiVmivt', 'https://www.google.com/maps/embed?pb=!1m18!1m12!1m3!1d3826.1218446845064!2d107.5942676!3d16.469366900000004!2m3!1f0!2f0!3f0!3m2!1i1024!2i768!4f13.1!3m3!1m2!1s0x3141a13cd1fb6a3d%3A0xb69ec59e61660f7a!2sMoonlight%20Hotel%20Hue!5e0!3m2!1svi!2s!4v1764600925247!5m2!1svi!2s', 0, '2026-03-09 01:49:23'),
(101, 1, 'Goldient Boutique Hotel', 'hotel', 'Huế', '0.00', 'Không chỉ sở hữu vị trí giúp quý khách dễ dàng ghé thăm những địa điểm lý thú trong chuyến hành trình, Goldient Boutique Hotel cũng sẽ mang đến cho quý khách trải nghiệm lưu trú mỹ mãn.\n\nTọa lạc gần sân bay, Goldient Boutique Hotel là nơi nghỉ ngơi lý tưởng trong lúc quý khách đang chờ chuyến bay kế tiếp. Quý khách có thể tận hưởng không gian nghỉ dưỡng vừa ý nơi đây trong quá trình quá cảnh.\n\nKhi lưu trú tại khách sạn thì nội thất và kiến trúc hẳn là hai yếu tố quan trọng khiến quý khách mãn nhãn. Với thiết kế độc đáo, Goldient Boutique Hotel mang đến không gian lưu trú làm hài lòng quý khách.\n\nTừ sự kiện doanh nghiệp đến họp mặt công ty, Goldient Boutique Hotel cung cấp đầy đủ các dịch vụ và tiện nghi đáp ứng mọi nhu cầu của quý khách và đồng nghiệp.\n\nDù quý khách muốn tổ chức một sự kiện hay các dịp kỷ niệm đặc biệt khác, Goldient Boutique Hotel là lựa chọn tuyệt vời cho quý khách với phòng chức năng rộng lớn, được trang bị đầy đủ để sẵn sàng đáp ứng mọi yêu cầu.\n\nHãy tận hưởng thời gian vui vẻ cùng cả gia đình với hàng loạt tiện nghi giải trí tại Goldient Boutique Hotel, một khách sạn tuyệt vời phù hợp cho mọi kỳ nghỉ bên người thân.\n\nKhách sạn này là lựa chọn lý tưởng cho cả du khách chơi golf nghiệp dư lẫn chuyên nghiệp.\n\nHãy tận hưởng trải nghiệm lưu trú có một không hai tại toà nhà mang đậm dấu ấn lịch sử của Goldient Boutique Hotel, điều quý khách khó có thể tìm thấy tại bất kỳ đâu.\n\nKhách sạn này là lựa chọn hoàn hảo cho các kỳ nghỉ mát lãng mạn hay tuần trăng mật của các cặp đôi. Quý khách hãy tận hưởng những đêm đáng nhớ nhất cùng người thương của mình tại Goldient Boutique Hotel\n\nNếu dự định có một kỳ nghỉ dài, thì Goldient Boutique Hotel chính là lựa chọn dành cho quý khách. Với đầy đủ tiện nghi với chất lượng dịch vụ tuyệt vời, Goldient Boutique Hotel sẽ khiến quý khách cảm thấy thoải mái như đang ở nhà vậy.\n\nGoldient Boutique Hotel là lựa chọn sáng giá dành cho những ai đang tìm kiếm một trải nghiệm xa hoa đầy thú vị trong kỳ nghỉ của mình. Lưu trú tại đây cũng là cách để quý khách chiều chuộng bản thân với những dịch vụ xuất sắc nhất và khiến kỳ nghỉ của mình trở nên thật đáng nhớ.\n\nBạn có phải là tín đồ mua sắm? Lưu trú tại Goldient Boutique Hotel chắc chắn sẽ thoả mãn bạn với hàng loạt các trung tâm mua sắm kề cận.\n\nDu lịch một mình cũng không hề kém phần thú vị và Goldient Boutique Hotel là nơi thích hợp dành riêng cho những ai đề cao sự riêng tư trong kỳ lưu trú.\n\nHãy sẵn sàng đón nhận trải nghiệm khó quên bằng dịch vụ độc đáo và hoàn hảo của khách sạn cùng các tiện nghi đầy đủ, đáp ứng mọi nhu cầu của quý khách.\n\nHưởng thụ một ngày thư thái đầy thú vị tại hồ bơi dù quý khách đang du lịch một mình hay cùng người thân.\n\nQuầy tiếp tân 24 giờ luôn sẵn sàng phục vụ quý khách từ thủ tục nhận phòng đến trả phòng hay bất kỳ yêu cầu nào. Nếu cần giúp đỡ xin hãy liên hệ đội ngũ tiếp tân, chúng tôi luôn sẵn sàng hỗ trợ quý khách.\n\nTận hưởng những món ăn yêu thích với phong cách ẩm thực đặc biệt từ Goldient Boutique Hotel chỉ dành riêng cho quý khách.\n\nSóng WiFi phủ khắp các khu vực chung của khách sạn cho phép quý khách luôn kết nối với gia đình và bè bạn.\n\nGoldient Boutique Hotel là khách sạn sở hữu đầy đủ tiện nghi và dịch vụ xuất sắc theo nhận định của hầu hết khách lưu trú.\n\nTận hưởng trải nghiệm lưu trú xa hoa đầy thú vị không đâu sánh bằng tại Goldient Boutique Hotel.', 'https://lh3.googleusercontent.com/aida-public/AB6AXuDrvgMY2AVYnyzdxJ39yFL_WbpvtD1wm0CaNoF8o7h3Il4noOJCeeVcPI7wi5PRMfL1btdG8pqW25RGjR-SonElWR2VukmexroNqQagpynpDmh6PqZEfU9CD1Qaav3NM3O0xgXzec-bjdBA5VR9A523HSotNrPoV3f6tPvChAYEHYQn_da2dQJjOs8d-GLGh5vh9vIiVmivt', 'https://www.google.com/maps/embed?pb=!1m18!1m12!1m3!1d3903.6646599249693!2d108.4457707!3d11.928409499999999!2m3!1f0!2f0!3f0!3m2!1i1024!2i768!4f13.1!3m3!1m2!1s0x3171137eddaf9c99%3A0x2b2768f9f5a7920d!2sGoldient%20Boutique%20Hotel%20(C%C3%B4ng%20Ty%20TNHH%20XD%20Tu%E1%BA%A5n%20Gia%20Ph%C3%A1t)!5e0!3m2!1svi!2s!4v1764610267373!5m2!1svi!2s', 1, '2026-03-09 01:49:23'),
(102, 1, 'Khách sạn MerPerle Dalat', 'hotel', 'Đà Lạt, Lâm Đồng', '1800000.00', 'Khách sạn MerPerle Đà Lạt là một khách sạn gần Sân bay, một nơi ở lý tưởng trong khi chờ chuyến bay tiếp theo của bạn. Tận hưởng một nơi nghỉ ngơi thoải mái trong quá trình di chuyển của bạn.\n\nKhách sạn MerPerle Đà Lạt rất được khuyến khích cho những người đi ba lô, những người muốn có một kỳ nghỉ giá cả phải chăng nhưng đồng thời vẫn thoải mái.\n\nTừ sự kiện kinh doanh đến các cuộc họp công ty, Khách sạn MerPerle Đà Lạt cung cấp các dịch vụ và tiện nghi đầy đủ mà bạn và đồng nghiệp của bạn cần.\n\nCho dù bạn đang lên kế hoạch cho một sự kiện hay những dịp đặc biệt khác, Khách sạn MerPerle Đà Lạt là một lựa chọn tuyệt vời cho bạn với một phòng chức năng lớn và được trang bị tốt để phù hợp với yêu cầu của bạn.\n\nHãy vui vẻ với nhiều tiện nghi giải trí khác nhau dành cho bạn và cả gia đình tại Khách sạn MerPerle Đà Lạt, một nơi ở tuyệt vời cho kỳ nghỉ của gia đình bạn.\n\nTrải nghiệm một kỳ nghỉ độc đáo tại tòa nhà lịch sử của Khách sạn MerPerle Đà Lạt, điều mà bạn hiếm khi tìm thấy ở những nơi khác.\n\nKhách sạn này là sự lựa chọn hoàn hảo cho các cặp đôi đang tìm kiếm một kỳ nghỉ lãng mạn hoặc một nơi nghỉ dưỡng trăng mật. Tận hưởng những đêm đáng nhớ nhất với người thân yêu của bạn bằng cách ở tại Khách sạn MerPerle Đà Lạt.\n\nNếu bạn dự định có một kỳ nghỉ dài hạn, việc ở tại Khách sạn MerPerle Đà Lạt là lựa chọn phù hợp với bạn. Cung cấp nhiều tiện nghi và chất lượng dịch vụ tuyệt vời, chỗ ở này chắc chắn sẽ khiến bạn cảm thấy như ở nhà.\n\nKhách sạn MerPerle Đà Lạt là sự lựa chọn tuyệt vời cho những ai đang tìm kiếm một kỳ nghỉ sang trọng. Hãy nuông chiều bản thân với những dịch vụ tuyệt vời nhất và làm cho kỳ nghỉ của bạn đáng nhớ bằng cách ở lại đây.\n\nBạn là một người nghiện mua sắm? Ở tại Khách sạn MerPerle Đà Lạt chắc chắn sẽ làm bạn thích thú với vô số trung tâm mua sắm gần đó.\n\nTrong khi đi du lịch với bạn bè có thể rất vui, thì việc đi du lịch một mình lại có những đặc quyền riêng. Đối với chỗ ở, Khách sạn MerPerle Đà Lạt phù hợp với những người coi trọng sự riêng tư trong thời gian lưu trú của bạn.\n\nLiệu pháp spa là một trong những tính năng chính của khách sạn. Hãy nuông chiều bản thân bằng liệu pháp thư giãn giúp bạn trẻ hóa.\n\nDịch vụ chất lượng cao nhất cùng với các tiện nghi phong phú sẽ giúp bạn có được trải nghiệm kỳ nghỉ tuyệt vời nhất.\n\nTrung tâm thể dục của khách sạn là một điều bạn phải thử trong thời gian bạn ở đây.\n\nCó một ngày vui vẻ và thư giãn tại hồ bơi, cho dù bạn đi du lịch một mình hay với những người thân yêu của bạn.\n\nNhận ưu đãi tốt nhất cho chất lượng tốt nhất của liệu pháp spa để thư giãn và trẻ hóa bản thân.\n\nQuầy lễ tân 24 giờ luôn sẵn sàng phục vụ bạn, từ nhận phòng đến trả phòng hoặc bất kỳ sự hỗ trợ nào bạn cần. Nếu bạn muốn nhiều hơn, đừng ngần ngại hỏi quầy lễ tân, chúng tôi luôn sẵn sàng phục vụ bạn.\n\nThưởng thức các món ăn yêu thích của bạn với các món ăn đặc biệt từ Khách sạn MerPerle Đà Lạt dành riêng cho bạn.\n\nWi-Fi có sẵn trong các khu vực công cộng của khách sạn để giúp bạn kết nối với gia đình và bạn bè.\n\nKhách sạn MerPerle Đà Lạt là một khách sạn có sự thoải mái tuyệt vời và dịch vụ tuyệt vời theo hầu hết khách của khách sạn.\n\nTận hưởng những món ăn sang trọng và trải nghiệm vô song bằng cách ở tại Khách sạn MerPerle Đà Lạt.', 'http://googleusercontent.com/profile/picture/41', 'https://www.google.com/maps/embed?pb=!1m18!1m12!1m3!1d3903.481647297428!2d108.4583036!3d11.9411183!2m3!1f0!2f0!3f0!3m2!1i1024!2i768!4f13.1!3m3!1m2!1s0x3171132bd1dd7c6f%3A0x28989de80f2b7731!2sMerPerle%20Dalat%20Hotel!5e0!3m2!1svi!2s!4v1764610540444!5m2!1svi!2s', 1, '2026-03-09 01:49:23'),
(103, 1, 'Leaf Beachfront Hotel Da Nang', 'hotel', 'Đà Nẵng', '950000.00', 'Dành cho những du khách muốn du lịch thoải mái cùng ngân sách tiết kiệm, Leaf Beachfront Hotel Da Nang sẽ là lựa chọn lưu trú hoàn hảo, nơi cung cấp các tiện nghi chất lượng và dịch vụ tuyệt vời.\n\nKhách sạn này là lựa chọn hoàn hảo cho các kỳ nghỉ mát lãng mạn hay tuần trăng mật của các cặp đôi. Quý khách hãy tận hưởng những đêm đáng nhớ nhất cùng người thương của mình tại Leaf Beachfront Hotel Da Nang\n\nLeaf Beachfront Hotel Da Nang là lựa chọn sáng giá dành cho những ai đang tìm kiếm một trải nghiệm xa hoa đầy thú vị trong kỳ nghỉ của mình. Lưu trú tại đây cũng là cách để quý khách chiều chuộng bản thân với những dịch vụ xuất sắc nhất và khiến kỳ nghỉ của mình trở nên thật đáng nhớ.\n\nKhi lưu trú tại khách sạn thì nội thất và kiến trúc hẳn là hai yếu tố quan trọng khiến quý khách mãn nhãn. Với thiết kế độc đáo, Leaf Beachfront Hotel Da Nang mang đến không gian lưu trú làm hài lòng quý khách.\n\nHãy tận hưởng thời gian vui vẻ cùng cả gia đình với hàng loạt tiện nghi giải trí tại Leaf Beachfront Hotel Da Nang, một khách sạn tuyệt vời phù hợp cho mọi kỳ nghỉ bên người thân.\n\nNếu dự định có một kỳ nghỉ dài, thì Leaf Beachfront Hotel Da Nang chính là lựa chọn dành cho quý khách. Với đầy đủ tiện nghi với chất lượng dịch vụ tuyệt vời, Leaf Beachfront Hotel Da Nang sẽ khiến quý khách cảm thấy thoải mái như đang ở nhà vậy.\n\nHưởng thụ một ngày thư thái đầy thú vị tại hồ bơi dù quý khách đang du lịch một mình hay cùng người thân.\n\nQuầy tiếp tân 24 giờ luôn sẵn sàng phục vụ quý khách từ thủ tục nhận phòng đến trả phòng hay bất kỳ yêu cầu nào. Nếu cần giúp đỡ xin hãy liên hệ đội ngũ tiếp tân, chúng tôi luôn sẵn sàng hỗ trợ quý khách.\n\nTận hưởng những món ăn yêu thích với phong cách ẩm thực đặc biệt từ Leaf Beachfront Hotel Da Nang chỉ dành riêng cho quý khách.\n\nLeaf Beachfront Hotel Da Nang là khách sạn sở hữu đầy đủ tiện nghi và dịch vụ xuất sắc theo nhận định của hầu hết khách lưu trú.\n\nVới những tiện nghi sẵn có Leaf Beachfront Hotel Da Nang thực sự là một nơi lưu trú hoàn hảo.', 'http://googleusercontent.com/profile/picture/43', 'https://www.google.com/maps/embed?pb=!1m18!1m12!1m3!1d3833.607479140029!2d108.24813879999999!3d16.0858461!2m3!1f0!2f0!3f0!3m2!1i1024!2i768!4f13.1!3m3!1m2!1s0x3142173a22bf7925%3A0x1fa7d67836459fa8!2sLeaf%20Hotel!5e0!3m2!1svi!2s!4v1764610795410!5m2!1svi!2s', 1, '2026-03-09 01:49:23'),
(104, 1, 'G8 Luxury Hotel And Spa Da Nang', 'hotel', 'Đà Nẵng', '700000.00', 'Khách sạn này là lựa chọn hoàn hảo cho các kỳ nghỉ mát lãng mạn hay tuần trăng mật của các cặp đôi. Quý khách hãy tận hưởng những đêm đáng nhớ nhất cùng người thương của mình tại G8 Luxury Hotel And Spa Da Nang\n\nG8 Luxury Hotel And Spa Da Nang là lựa chọn sáng giá dành cho những ai đang tìm kiếm một trải nghiệm xa hoa đầy thú vị trong kỳ nghỉ của mình. Lưu trú tại đây cũng là cách để quý khách chiều chuộng bản thân với những dịch vụ xuất sắc nhất và khiến kỳ nghỉ của mình trở nên thật đáng nhớ.\n\nBạn có phải là tín đồ mua sắm? Lưu trú tại G8 Luxury Hotel And Spa Da Nang chắc chắn sẽ thoả mãn bạn với hàng loạt các trung tâm mua sắm kề cận.\n\nKhi lưu trú tại khách sạn thì nội thất và kiến trúc hẳn là hai yếu tố quan trọng khiến quý khách mãn nhãn. Với thiết kế độc đáo, G8 Luxury Hotel And Spa Da Nang mang đến không gian lưu trú làm hài lòng quý khách.\n\nTừ sự kiện doanh nghiệp đến họp mặt công ty, G8 Luxury Hotel And Spa Da Nang cung cấp đầy đủ các dịch vụ và tiện nghi đáp ứng mọi nhu cầu của quý khách và đồng nghiệp.\n\nHãy tận hưởng thời gian vui vẻ cùng cả gia đình với hàng loạt tiện nghi giải trí tại G8 Luxury Hotel And Spa Da Nang, một khách sạn tuyệt vời phù hợp cho mọi kỳ nghỉ bên người thân.\n\nNếu dự định có một kỳ nghỉ dài, thì G8 Luxury Hotel And Spa Da Nang chính là lựa chọn dành cho quý khách. Với đầy đủ tiện nghi với chất lượng dịch vụ tuyệt vời, G8 Luxury Hotel And Spa Da Nang sẽ khiến quý khách cảm thấy thoải mái như đang ở nhà vậy.\n\nHãy sẵn sàng đón nhận trải nghiệm khó quên bằng dịch vụ độc đáo và hoàn hảo của khách sạn cùng các tiện nghi đầy đủ, đáp ứng mọi nhu cầu của quý khách.\n\nHưởng thụ một ngày thư thái đầy thú vị tại hồ bơi dù quý khách đang du lịch một mình hay cùng người thân.\n\nQuầy tiếp tân 24 giờ luôn sẵn sàng phục vụ quý khách từ thủ tục nhận phòng đến trả phòng hay bất kỳ yêu cầu nào. Nếu cần giúp đỡ xin hãy liên hệ đội ngũ tiếp tân, chúng tôi luôn sẵn sàng hỗ trợ quý khách.\n\nSóng WiFi phủ khắp các khu vực chung của khách sạn cho phép quý khách luôn kết nối với gia đình và bè bạn.\n\nG8 Luxury Hotel And Spa Da Nang là khách sạn sở hữu đầy đủ tiện nghi và dịch vụ xuất sắc theo nhận định của hầu hết khách lưu trú.\n\nTận hưởng trải nghiệm lưu trú xa hoa đầy thú vị không đâu sánh bằng tại G8 Luxury Hotel And Spa Da Nang.', 'http://googleusercontent.com/profile/picture/44', 'https://www.google.com/maps/embed?pb=!1m18!1m12!1m3!1d3833.897091574162!2d108.21707819999999!3d16.0708291!2m3!1f0!2f0!3f0!3m2!1i1024!2i768!4f13.1!3m3!1m2!1s0x31421828f96d9b7b%3A0xb47c13a96e71ee54!2zS2jDoWNoIHPhuqFuIEc4IEx1eHVyeQ!5e0!3m2!1svi!2s!4v1764611132012!5m2!1svi!2s', 1, '2026-03-09 01:49:23'),
(105, 1, 'DeLaSol Sapa Hotel', 'hotel', 'Sapa, Lào Cai', '900000.00', 'Khi lưu trú tại khách sạn thì nội thất và kiến trúc hẳn là hai yếu tố quan trọng khiến quý khách mãn nhãn. Với thiết kế độc đáo, DeLaSol Sapa Hotel mang đến không gian lưu trú làm hài lòng quý khách.\n\nTừ sự kiện doanh nghiệp đến họp mặt công ty, DeLaSol Sapa Hotel cung cấp đầy đủ các dịch vụ và tiện nghi đáp ứng mọi nhu cầu của quý khách và đồng nghiệp.\n\nDù quý khách muốn tổ chức một sự kiện hay các dịp kỷ niệm đặc biệt khác, DeLaSol Sapa Hotel là lựa chọn tuyệt vời cho quý khách với phòng chức năng rộng lớn, được trang bị đầy đủ để sẵn sàng đáp ứng mọi yêu cầu.\n\nHãy tận hưởng thời gian vui vẻ cùng cả gia đình với hàng loạt tiện nghi giải trí tại DeLaSol Sapa Hotel , một khách sạn tuyệt vời phù hợp cho mọi kỳ nghỉ bên người thân.\n\nKhách sạn này là lựa chọn hoàn hảo cho các kỳ nghỉ mát lãng mạn hay tuần trăng mật của các cặp đôi. Quý khách hãy tận hưởng những đêm đáng nhớ nhất cùng người thương của mình tại DeLaSol Sapa Hotel\n\nNếu dự định có một kỳ nghỉ dài, thì DeLaSol Sapa Hotel chính là lựa chọn dành cho quý khách. Với đầy đủ tiện nghi với chất lượng dịch vụ tuyệt vời, DeLaSol Sapa Hotel sẽ khiến quý khách cảm thấy thoải mái như đang ở nhà vậy.\n\nDeLaSol Sapa Hotel là lựa chọn sáng giá dành cho những ai đang tìm kiếm một trải nghiệm xa hoa đầy thú vị trong kỳ nghỉ của mình. Lưu trú tại đây cũng là cách để quý khách chiều chuộng bản thân với những dịch vụ xuất sắc nhất và khiến kỳ nghỉ của mình trở nên thật đáng nhớ.\n\nDu lịch một mình cũng không hề kém phần thú vị và DeLaSol Sapa Hotel là nơi thích hợp dành riêng cho những ai đề cao sự riêng tư trong kỳ lưu trú.\n\nHãy sẵn sàng đón nhận trải nghiệm khó quên bằng dịch vụ độc đáo và hoàn hảo của khách sạn cùng các tiện nghi đầy đủ, đáp ứng mọi nhu cầu của quý khách.\n\nQuầy tiếp tân 24 giờ luôn sẵn sàng phục vụ quý khách từ thủ tục nhận phòng đến trả phòng hay bất kỳ yêu cầu nào. Nếu cần giúp đỡ xin hãy liên hệ đội ngũ tiếp tân, chúng tôi luôn sẵn sàng hỗ trợ quý khách.\n\nTận hưởng những món ăn yêu thích với phong cách ẩm thực đặc biệt từ DeLaSol Sapa Hotel chỉ dành riêng cho quý khách.\n\nSóng WiFi phủ khắp các khu vực chung của khách sạn cho phép quý khách luôn kết nối với gia đình và bè bạn.\n\nDeLaSol Sapa Hotel là khách sạn sở hữu đầy đủ tiện nghi và dịch vụ xuất sắc theo nhận định của hầu hết khách lưu trú.\n\nTận hưởng trải nghiệm lưu trú xa hoa đầy thú vị không đâu sánh bằng tại DeLaSol Sapa Hotel .', 'http://googleusercontent.com/profile/picture/45', 'https://www.google.com/maps/embed?pb=!1m18!1m12!1m3!1d3690.5629750357675!2d103.8435226!3d22.332362!2m3!1f0!2f0!3f0!3m2!1i1024!2i768!4f13.1!3m3!1m2!1s0x36cd412db7a972dd%3A0x3c78e67b20dfeb8c!2sDeLaSol%20Sapa%20Hotel%20-%20Central%20Boutique%20Hotel!5e0!3m2!1svi!2s!4v1764611496116!5m2!1svi!2s', 1, '2026-03-09 01:49:23'),
(106, 1, 'Sapa Jade Hill Resort And Spa', 'resort', 'Sapa, Lào Cai', '1700000.00', 'Sở hữu vị trí thuận lợi ngay thung lũng Mường Hoa, từ Sapa Jade Hill Resort And Spa, du khách có thể dễ dàng đến các địa điểm du lịch nổi tiếng tại trung tâm thị trấn trong khoảng cách chỉ 2-3 km như Nhà thờ Đá, cáp treo Fansipan, bản Cát Cát và Tả Van, chợ Sapa…\n\nSapa Jade Hill Resort And Spa là mô hình biệt thự và bungalow nghỉ dưỡng, bao quanh bởi rừng nguyên sinh, thung lũng hoa và núi non trập trùng, mang đến những giây phút nghỉ ngơi, tận hưởng thiên nhiên trong lành ngay trung tâm phố núi. Lựa chọn nghỉ ngơi tại đây, du khách sẽ được trải nghiệm cảm giác thức dậy giữa khung cảnh thung lũng xanh trải dài ngút mắt, hướng mắt ra các thửa ruộng bậc thang uốn lượn, tận hưởng cảm giác mây và sương sà ngang tầm mắt.\n\nSapa Jade Hill Resort And Spa có hai dạng phòng chủ đạo là bungalow và villa.\n\nBungalow được thiết kế hoàn toàn bằng gỗ thông và cọ, vừa truyền thống, ấm áp, lại vẫn mang vẻ sang trọng của một khách sạn nghỉ dưỡng hàng đầu.\n\nBiệt thự mang mang phong cách chủ đạo kiểu Âu với ống khói và lò sưởi, kết hợp với hình ảnh nhà sàn đặc trưng của đồng bào dân tộc thiểu số vùng Tây Bắc. Trong các biệt thự còn có cả khu vực nhà bếp và lò sưởi. Đừng bỏ qua cơ hội tự tay nhóm bếp và nướng khoai ngay tại khung lò sưởi, thưởng thức củ khoai ấm nóng giản dị, những lại gợi về những kí ức khó quên.\n\nThiết kế nội thất tại Sapa Jade Hill Resort And Spa được chăm chút đến từng chi tiết, mang phong cách trang nhã, tinh tế. Các vật dụng được tô điểm với các họa tiết thổ cẩm, chất liệu mộc mạc, tô đậm nét văn hóa truyền thống địa phương.\n\nSapa Jade Hill Resort And Spa còn có nhà hàng Đồi Ngọc, phục vụ các món ăn mang hương vị ẩm thực dân dã vùng Tây Bắc và ẩm thực châu Âu tinh tế. Các món ăn được chế biến từ chính tay bếp trưởng người Pháp, kết hợp với những nguyên liệu tươi ngon nhất cũng vùng núi cao như cá hồi, rau củ, gà, lợn bản… mang đến trải nghiệm ẩm thực trọn vẹn và đa dạng nhất cho du khách.\n\nKhách sạn còn có hồ bơi, cùng hệ thống spa chuyên nghiệp nhất, là sự lựa chọn nghỉ ngơi tuyệt vời cho du khách sau một ngày tham quan mệt mỏi.', 'http://googleusercontent.com/profile/picture/46', 'https://www.google.com/maps/embed?pb=!1m18!1m12!1m3!1d3690.7944251927624!2d103.8546327!3d22.323613200000004!2m3!1f0!2f0!3f0!3m2!1i1024!2i768!4f13.1!3m3!1m2!1s0x36cd41235c963d7b%3A0xc41c3c35fdf8edc8!2zUmVzb3J0IG5naOG7iSBkxrDhu6FuZyAtIFNhcGEgSmFkZSBIaWxs!5e0!3m2!1svi!2s!4v1764611724363!5m2!1svi!2s', 1, '2026-03-09 01:49:23'),
(107, 1, 'Comodo Nha Trang Hotel', 'hotel', 'Nha Trang, Khánh Hòa', '1050000.00', 'Tọa lạc tại vị trí đắc địa trên con đường vàng Trần Phú, Comodo Nha Trang Hotel là điểm dừng chân lý tưởng để quý khách tận hưởng trọn vẹn vẻ đẹp của vịnh biển Nha Trang.\n\nSở hữu lối kiến trúc hiện đại và tinh tế, Comodo Nha Trang Hotel mang đến không gian nghỉ dưỡng sang trọng, đẳng cấp, đảm bảo sự thoải mái tuyệt đối cho quý khách dù là chuyến đi công tác hay nghỉ dưỡng.\n\nKhách sạn này là lựa chọn hoàn hảo cho các kỳ nghỉ mát lãng mạn. Quý khách hãy tận hưởng những đêm đáng nhớ nhất cùng người thương của mình trong không gian ấm cúng và tiện nghi tại Comodo Nha Trang Hotel.\n\nMột trong những điểm nhấn của khách sạn là hồ bơi vô cực trên tầng cao, nơi quý khách có thể đắm mình trong làn nước mát lạnh và ngắm nhìn toàn cảnh thành phố biển xinh đẹp.\n\nTừ sự kiện doanh nghiệp đến họp mặt công ty, Comodo Nha Trang Hotel cung cấp đầy đủ các dịch vụ và tiện nghi đáp ứng mọi nhu cầu của quý khách và đồng nghiệp với hệ thống phòng hội nghị trang bị hiện đại.\n\nNếu dự định có một kỳ nghỉ dài, thì Comodo Nha Trang Hotel chính là lựa chọn dành cho quý khách. Với đầy đủ tiện nghi cùng chất lượng dịch vụ tuyệt vời, nơi đây sẽ khiến quý khách cảm thấy thoải mái như đang ở nhà.\n\nQuầy tiếp tân 24 giờ luôn sẵn sàng phục vụ quý khách từ thủ tục nhận phòng đến trả phòng hay bất kỳ yêu cầu nào. Đội ngũ nhân viên chuyên nghiệp và thân thiện luôn sẵn sàng hỗ trợ để kỳ nghỉ của quý khách trở nên hoàn hảo.\n\nTận hưởng những món ăn yêu thích với phong cách ẩm thực đa dạng tại nhà hàng của khách sạn, từ các món đặc sản địa phương đến ẩm thực quốc tế.\n\nVới vị trí thuận lợi, từ khách sạn quý khách có thể dễ dàng tiếp cận các điểm tham quan nổi tiếng, trung tâm mua sắm và khu vui chơi giải trí sầm uất của Nha Trang.\n\nComodo Nha Trang Hotel là khách sạn sở hữu đầy đủ tiện nghi và dịch vụ xuất sắc, hứa hẹn mang đến cho quý khách trải nghiệm lưu trú khó quên.', 'http://googleusercontent.com/profile/picture/47', 'https://www.google.com/maps/embed?pb=!1m18!1m12!1m3!1d3899.255885181542!2d109.1980756!3d12.2309457!2m3!1f0!2f0!3f0!3m2!1i1024!2i768!4f13.1!3m3!1m2!1s0x317067de00952ab5%3A0x3a2caca4f28a4c62!2sComodo%20Nha%20Trang%20Hotel!5e0!3m2!1svi!2s!4v1764612161415!5m2!1svi!2s', 1, '2026-03-09 01:49:23'),
(108, 1, 'Muong Thanh Luxury Nha Trang Hotel', 'hotel', 'Nha Trang, Khánh Hòa', '1250000.00', 'Tọa lạc tại vị trí đắc địa số 60 Trần Phú, Muong Thanh Luxury Nha Trang Hotel nổi bật với chiều cao ấn tượng và tầm nhìn toàn cảnh ra vịnh Nha Trang xinh đẹp. Đây là điểm dừng chân lý tưởng cho du khách muốn trải nghiệm kỳ nghỉ dưỡng sang trọng ngay trung tâm phố biển.\n\nKhách sạn cung cấp hệ thống phòng nghỉ hiện đại, tiện nghi với không gian ấm cúng, trang nhã. Từ ban công phòng nghỉ, quý khách có thể đón bình minh trên biển hoặc ngắm nhìn thành phố lung linh về đêm.\n\nMuong Thanh Luxury Nha Trang Hotel là lựa chọn hoàn hảo cho các kỳ nghỉ mát lãng mạn hay tuần trăng mật. Hãy tận hưởng những giây phút ngọt ngào bên người thương trong không gian riêng tư và đẳng cấp.\n\nĐối với khách doanh nhân, khách sạn cung cấp các phòng hội nghị, hội thảo với trang thiết bị âm thanh, ánh sáng hiện đại, đáp ứng mọi nhu cầu tổ chức sự kiện chuyên nghiệp.\n\nHệ thống nhà hàng của khách sạn phục vụ đa dạng các món ăn từ đặc sản địa phương đậm đà hương vị biển đến các món Á - Âu tinh tế, được chế biến bởi đội ngũ đầu bếp tài hoa.\n\nSau một ngày dài khám phá, quý khách có thể thư giãn tại hồ bơi ngoài trời, tái tạo năng lượng với các liệu pháp massage tại spa hoặc rèn luyện sức khỏe tại phòng gym hiện đại.\n\nQuầy lễ tân 24 giờ luôn sẵn sàng hỗ trợ quý khách với sự chuyên nghiệp và thân thiện, đảm bảo mọi nhu cầu của quý khách đều được đáp ứng nhanh chóng.\n\nVới vị trí thuận lợi, dịch vụ đẳng cấp và tiện nghi đầy đủ, Muong Thanh Luxury Nha Trang Hotel hứa hẹn mang đến cho quý khách một kỳ nghỉ trọn vẹn và đáng nhớ tại thành phố biển Nha Trang.', 'http://googleusercontent.com/profile/picture/48', 'https://www.google.com/maps/embed?pb=!1m18!1m12!1m3!1d3899.1731199514365!2d109.1964462!3d12.236554700000001!2m3!1f0!2f0!3f0!3m2!1i1024!2i768!4f13.1!3m3!1m2!1s0x3170677ae037716b%3A0x34f80a4db849a372!2sM%C6%B0%E1%BB%9Dng%20Thanh%20Luxury%20Nha%20Trang!5e0!3m2!1svi!2s!4v1764612377046!5m2!1svi!2s', 1, '2026-03-09 01:49:23');

-- ---------------------------------------------------
-- Bảng: property_images
-- ---------------------------------------------------
DROP TABLE IF EXISTS `property_images`;
CREATE TABLE "property_images" (
  "id" int NOT NULL AUTO_INCREMENT,
  "property_id" int NOT NULL,
  "image_url" varchar(255) COLLATE utf8mb4_general_ci NOT NULL,
  "is_main" tinyint(1) DEFAULT '0',
  PRIMARY KEY ("id"),
  KEY "property_id" ("property_id"),
  CONSTRAINT "property_images_ibfk_1" FOREIGN KEY ("property_id") REFERENCES "properties" ("id") ON DELETE CASCADE
);

-- Data cho bảng property_images (149 dòng)
INSERT INTO `property_images` (`id`, `property_id`, `image_url`, `is_main`) VALUES
(1, 1, 'assets/id_1/main.jpeg', 1),
(2, 1, 'assets/id_1/anh1.jpeg', 0),
(3, 1, 'assets/id_1/anh2.jpeg', 0),
(4, 1, 'assets/id_1/anh3.jpeg', 0),
(5, 1, 'assets/id_1/anh4.jpeg', 0),
(6, 1, 'assets/id_1/anh5.jpeg', 0),
(7, 1, 'assets/id_1/anh6.jpeg', 0),
(8, 31, 'assets/id_31/anh1.jpeg', 1),
(9, 31, 'assets/id_31/anh2.jpeg', 0),
(10, 31, 'assets/id_31/anh3.jpeg', 0),
(11, 31, 'assets/id_31/anh4.jpeg', 0),
(12, 31, 'assets/id_31/anh5.jpeg', 0),
(13, 31, 'assets/id_31/anh6.jpeg', 0),
(14, 32, 'assets/id_32/anh1.jpeg', 1),
(15, 32, 'assets/id_32/anh2.jpeg', 0),
(16, 32, 'assets/id_32/anh3.jpeg', 0),
(17, 32, 'assets/id_32/anh4.jpeg', 0),
(18, 32, 'assets/id_32/anh5.jpg', 0),
(19, 32, 'assets/id_32/anh6.jpg', 0),
(20, 32, 'assets/id_32/anh7.jpg', 0),
(21, 32, 'assets/id_32/anh8.jpg', 0),
(22, 32, 'assets/id_32/anh9.jpg', 0),
(23, 32, 'assets/id_32/anh10.jpeg', 0),
(24, 33, 'assets/id_33/anh1.jpeg', 1),
(25, 33, 'assets/id_33/anh2.jpeg', 0),
(26, 33, 'assets/id_33/anh3.jpeg', 0),
(27, 33, 'assets/id_33/anh4.jpeg', 0),
(28, 33, 'assets/id_33/anh5.jpeg', 0),
(29, 33, 'assets/id_33/anh6.jpeg', 0),
(30, 34, 'assets/id_34/anh1.jpeg', 1),
(31, 34, 'assets/id_34/anh2.jpeg', 0),
(32, 34, 'assets/id_34/anh3.jpeg', 0),
(33, 34, 'assets/id_34/anh4.jpeg', 0),
(34, 34, 'assets/id_34/anh5.jpeg', 0),
(35, 34, 'assets/id_34/anh6.jpeg', 0),
(36, 35, 'assets/id_35/anh1.jpg', 1),
(37, 35, 'assets/id_35/anh2.jpg', 0),
(38, 35, 'assets/id_35/anh3.jpg', 0),
(39, 35, 'assets/id_35/anh4.jpg', 0),
(40, 35, 'assets/id_35/anh5.jpg', 0),
(41, 35, 'assets/id_35/anh6.jpg', 0),
(42, 41, 'assets/id_36/anh1.jpg', 1),
(43, 41, 'assets/id_36/anh2.jpg', 0),
(44, 41, 'assets/id_36/anh3.jpg', 0),
(45, 41, 'assets/id_36/anh4.jpg', 0),
(46, 41, 'assets/id_36/anh5.jpg', 0),
(47, 41, 'assets/id_36/anh6.jpg', 0),
(48, 42, 'assets/id_37/anh1.jpeg', 1),
(49, 42, 'assets/id_37/anh2.jpeg', 0),
(50, 42, 'assets/id_37/anh3.jpeg', 0);
INSERT INTO `property_images` (`id`, `property_id`, `image_url`, `is_main`) VALUES
(51, 42, 'assets/id_37/anh4.jpeg', 0),
(52, 42, 'assets/id_37/anh5.jpeg', 0),
(53, 42, 'assets/id_37/anh6.jpeg', 0),
(54, 43, 'assets/id_38/anh1.jpeg', 1),
(55, 43, 'assets/id_38/anh2.jpeg', 0),
(56, 43, 'assets/id_38/anh3.jpeg', 0),
(57, 43, 'assets/id_38/anh4.jpeg', 0),
(58, 43, 'assets/id_38/anh5.jpg', 0),
(59, 43, 'assets/id_38/anh6.jpeg', 0),
(60, 51, 'assets/id_51/main.jpeg', 1),
(61, 51, 'assets/id_51/anh1.jpeg', 0),
(62, 51, 'assets/id_51/anh2.jpeg', 0),
(63, 51, 'assets/id_51/anh3.jpeg', 0),
(64, 51, 'assets/id_51/anh4.jpeg', 0),
(65, 51, 'assets/id_51/anh5.jpeg', 0),
(66, 52, 'assets/id_52/main.jpeg', 1),
(67, 52, 'assets/id_52/anh1.jpeg', 0),
(68, 52, 'assets/id_52/anh2.jpeg', 0),
(69, 52, 'assets/id_52/anh3.jpeg', 0),
(70, 52, 'assets/id_52/anh4.jpeg', 0),
(71, 52, 'assets/id_52/anh5.jpeg', 0),
(72, 52, 'assets/id_52/anh6.jpeg', 0),
(73, 53, 'assets/id_21/main.jpeg', 1),
(74, 53, 'assets/id_21/anh1.jpeg', 0),
(75, 53, 'assets/id_21/anh2.jpeg', 0),
(76, 53, 'assets/id_21/anh3.jpeg', 0),
(77, 53, 'assets/id_21/anh4.jpeg', 0),
(78, 53, 'assets/id_21/anh5.jpeg', 0),
(79, 53, 'assets/id_21/anh6.jpeg', 0),
(80, 54, 'assets/id_54/main.jpeg', 1),
(81, 54, 'assets/id_54/anh1.jpeg', 0),
(82, 54, 'assets/id_54/anh2.jpeg', 0),
(83, 54, 'assets/id_54/anh3.jpeg', 0),
(84, 54, 'assets/id_54/anh4.jpeg', 0),
(85, 54, 'assets/id_54/anh5.jpeg', 0),
(86, 55, 'assets/id_21/main.jpeg', 1),
(87, 55, 'assets/id_21/anh1.jpeg', 0),
(88, 55, 'assets/id_21/anh2.jpeg', 0),
(89, 55, 'assets/id_21/anh3.jpeg', 0),
(90, 55, 'assets/id_21/anh4.jpeg', 0),
(91, 55, 'assets/id_21/anh5.jpeg', 0),
(92, 55, 'assets/id_21/anh6.jpeg', 0),
(93, 101, 'assets/id_101/main.jpeg', 1),
(94, 101, 'assets/id_101/anh1.jpeg', 0),
(95, 101, 'assets/id_101/anh2.jpeg', 0),
(96, 101, 'assets/id_101/anh3.jpeg', 0),
(97, 101, 'assets/id_101/anh4.jpeg', 0),
(98, 101, 'assets/id_101/anh5.jpeg', 0),
(99, 101, 'assets/id_101/anh6.jpeg', 0),
(100, 102, 'assets/id_102/main.jpeg', 1);
INSERT INTO `property_images` (`id`, `property_id`, `image_url`, `is_main`) VALUES
(101, 102, 'assets/id_102/anh1.jpeg', 0),
(102, 102, 'assets/id_102/anh2.jpeg', 0),
(103, 102, 'assets/id_102/anh3.jpeg', 0),
(104, 102, 'assets/id_102/anh4.jpeg', 0),
(105, 102, 'assets/id_102/anh5.jpeg', 0),
(106, 102, 'assets/id_102/anh6.jpeg', 0),
(107, 103, 'assets/id_103/main.jpeg', 1),
(108, 103, 'assets/id_103/anh1.jpeg', 0),
(109, 103, 'assets/id_103/anh2.jpeg', 0),
(110, 103, 'assets/id_103/anh3.jpeg', 0),
(111, 103, 'assets/id_103/anh4.jpeg', 0),
(112, 103, 'assets/id_103/anh5.jpeg', 0),
(113, 103, 'assets/id_103/anh6.jpeg', 0),
(114, 104, 'assets/id_104/main.jpeg', 1),
(115, 104, 'assets/id_104/anh1.jpeg', 0),
(116, 104, 'assets/id_104/anh2.jpeg', 0),
(117, 104, 'assets/id_104/anh3.jpeg', 0),
(118, 104, 'assets/id_104/anh4.jpeg', 0),
(119, 104, 'assets/id_104/anh5.jpeg', 0),
(120, 104, 'assets/id_104/anh6.jpeg', 0),
(121, 106, 'assets/id_106/main.jpeg', 1),
(122, 106, 'assets/id_106/anh1.jpeg', 0),
(123, 106, 'assets/id_106/anh2.jpeg', 0),
(124, 106, 'assets/id_106/anh3.jpeg', 0),
(125, 106, 'assets/id_106/anh4.jpeg', 0),
(126, 106, 'assets/id_106/anh5.jpeg', 0),
(127, 106, 'assets/id_106/anh6.jpeg', 0),
(128, 105, 'assets/id_105/main.jpeg', 1),
(129, 105, 'assets/id_105/anh1.jpeg', 0),
(130, 105, 'assets/id_105/anh2.jpeg', 0),
(131, 105, 'assets/id_105/anh3.jpeg', 0),
(132, 105, 'assets/id_105/anh4.jpeg', 0),
(133, 105, 'assets/id_105/anh5.jpeg', 0),
(134, 105, 'assets/id_105/anh6.jpeg', 0),
(135, 105, 'assets/id_105/anh7.jpeg', 0),
(136, 107, 'assets/id_107/main.jpeg', 1),
(137, 107, 'assets/id_107/anh1.jpeg', 0),
(138, 107, 'assets/id_107/anh2.jpeg', 0),
(139, 107, 'assets/id_107/anh3.jpeg', 0),
(140, 107, 'assets/id_107/anh4.jpeg', 0),
(141, 107, 'assets/id_107/anh5.jpeg', 0),
(142, 107, 'assets/id_107/anh6.jpeg', 0),
(143, 108, 'assets/id_108/main.jpeg', 1),
(144, 108, 'assets/id_108/anh1.jpeg', 0),
(145, 108, 'assets/id_108/anh2.jpeg', 0),
(146, 108, 'assets/id_108/anh3.jpeg', 0),
(147, 108, 'assets/id_108/anh4.jpeg', 0),
(148, 108, 'assets/id_108/anh5.jpeg', 0),
(149, 108, 'assets/id_108/anh6.jpeg', 0);

-- ---------------------------------------------------
-- Bảng: amenities
-- ---------------------------------------------------
DROP TABLE IF EXISTS `amenities`;
CREATE TABLE "amenities" (
  "id" int NOT NULL AUTO_INCREMENT,
  "name" varchar(100) COLLATE utf8mb4_general_ci NOT NULL,
  "icon" varchar(50) COLLATE utf8mb4_general_ci DEFAULT NULL,
  "category" varchar(100) COLLATE utf8mb4_general_ci DEFAULT NULL,
  PRIMARY KEY ("id")
);

-- Data cho bảng amenities (208 dòng)
INSERT INTO `amenities` (`id`, `name`, `icon`, `category`) VALUES
(1, 'Máy lạnh', 'apartment', 'Tiện nghi chung'),
(2, 'Nhà hàng', 'domain', 'Tiện nghi công cộng'),
(3, 'Chỗ đậu xe', 'local_parking', 'Chung'),
(4, 'Thang máy', 'domain', 'Tiện nghi công cộng'),
(5, 'Wifi', 'wifi', 'Chung'),
(6, 'Nhân viên xách hành lý', 'room_service', 'Dịch vụ khách sạn'),
(7, 'Dịch vụ concierge/hỗ trợ khách', 'room_service', 'Dịch vụ khách sạn'),
(8, 'Dịch vụ thu đổi ngoại tệ', 'room_service', 'Dịch vụ khách sạn'),
(9, 'Người gác cửa', 'room_service', 'Dịch vụ khách sạn'),
(10, 'EARLY_CHECK_IN', 'room_service', 'Dịch vụ khách sạn'),
(11, 'Bảo vệ 24 giờ', 'room_service', 'Dịch vụ khách sạn'),
(12, 'Dịch vụ trả phòng muộn', 'room_service', 'Dịch vụ khách sạn'),
(13, 'Dịch vụ giặt ủi', 'room_service', 'Dịch vụ khách sạn'),
(14, 'Dịch vụ phòng (có giới hạn thời gian)', 'room_service', 'Dịch vụ khách sạn'),
(15, 'Dịch vụ lưu trữ/bảo quản hành lý', 'room_service', 'Dịch vụ khách sạn'),
(16, 'Nhật báo tại sảnh', 'room_service', 'Dịch vụ khách sạn'),
(17, 'Nhân viên gác cổng', 'room_service', 'Dịch vụ khách sạn'),
(18, 'Dịch vụ hỗ trợ đặt Tour', 'room_service', 'Dịch vụ khách sạn'),
(19, 'Phòng giữ đồ', 'apartment', 'Tiện nghi chung'),
(20, 'Phòng gia đình', 'apartment', 'Tiện nghi chung'),
(21, 'Lò sưởi tại sảnh', 'apartment', 'Tiện nghi chung'),
(22, 'Phòng không hút thuốc', 'apartment', 'Tiện nghi chung'),
(23, 'Phòng giải trí', 'apartment', 'Tiện nghi chung'),
(24, 'Khu vực hút thuốc', 'apartment', 'Tiện nghi chung'),
(25, 'Sân thượng/sân hiên', 'apartment', 'Tiện nghi chung'),
(26, 'Cà phê/trà tại sảnh', 'domain', 'Tiện nghi công cộng'),
(27, 'Nhận phòng sớm', 'domain', 'Tiện nghi công cộng'),
(28, 'Trả phòng muộn', 'domain', 'Tiện nghi công cộng'),
(29, 'Nhà hàng phục vụ bữa sáng', 'domain', 'Tiện nghi công cộng'),
(30, 'Két an toàn', 'domain', 'Tiện nghi công cộng'),
(31, 'WiFi tại khu vực chung', 'domain', 'Tiện nghi công cộng'),
(32, 'Truyền hình cáp', 'meeting_room', 'Tiện nghi phòng'),
(33, 'Bàn làm việc', 'meeting_room', 'Tiện nghi phòng'),
(34, 'Máy sấy tóc', 'meeting_room', 'Tiện nghi phòng'),
(35, 'Két an toàn trong phòng', 'meeting_room', 'Tiện nghi phòng'),
(36, 'Minibar', 'meeting_room', 'Tiện nghi phòng'),
(37, 'Phòng tắm vòi sen', 'meeting_room', 'Tiện nghi phòng'),
(38, 'TV', 'meeting_room', 'Tiện nghi phòng'),
(39, 'Bữa sáng', 'restaurant_menu', 'Ẩm thực'),
(40, 'Bữa sáng (thu phí)', 'restaurant_menu', 'Ẩm thực'),
(41, 'Tiệm cà phê', 'restaurant_menu', 'Ẩm thực'),
(42, 'Đưa đón sân bay (thu phí)', 'directions_car', 'Vận chuyển'),
(43, 'Đón khách tại ga tàu', 'airport_shuttle', 'Đưa đón'),
(44, 'Đưa đón sân bay', 'flight_takeoff', 'Đưa đón'),
(45, 'Cho thuê xe hơi', 'directions_car', 'Vận chuyển'),
(46, 'Nhà chứa xe', 'directions_car', 'Vận chuyển'),
(47, 'Mạng Internet cục bộ', 'wifi', 'Kết nối mạng'),
(48, 'Wifi (miễn phí)', 'wifi', 'Kết nối mạng'),
(49, 'Cửa hàng thực phẩm', 'storefront', 'Các tiện ích lân cận'),
(50, 'Cửa hàng', 'storefront', 'Các tiện ích lân cận');
INSERT INTO `amenities` (`id`, `name`, `icon`, `category`) VALUES
(51, 'Ghế cho trẻ em', 'child_friendly', 'Trẻ em và Thú cưng'),
(52, 'Lễ tân 24h', 'room_service', 'Dịch vụ khách sạn'),
(53, 'WiFi', 'wifi', 'Chung'),
(54, 'Dịch vụ dọn phòng', 'domain', 'Tiện nghi công cộng'),
(55, 'Nhà hàng phục vụ bữa tối', 'domain', 'Tiện nghi công cộng'),
(56, 'Nhà hàng phục vụ bữa trưa', 'domain', 'Tiện nghi công cộng'),
(57, 'Bãi đậu xe', 'domain', 'Tiện nghi công cộng'),
(58, 'Dịch vụ phòng 24 giờ', 'domain', 'Tiện nghi công cộng'),
(59, 'Hồ bơi', 'apartment', 'Tiện nghi chung'),
(60, 'Nhà hàng có máy lạnh', 'restaurant_menu', 'Ẩm thực'),
(61, 'Bữa sáng với thực đơn gọi món', 'restaurant_menu', 'Ẩm thực'),
(62, 'Quầy bar', 'restaurant_menu', 'Ẩm thực'),
(63, 'Bữa sáng và bữa tối', 'restaurant_menu', 'Ẩm thực'),
(64, 'Bữa sáng và bữa trưa', 'restaurant_menu', 'Ẩm thực'),
(65, 'Bữa sáng món tự chọn', 'restaurant_menu', 'Ẩm thực'),
(66, 'Bữa tối với thực đơn chọn sẵn', 'restaurant_menu', 'Ẩm thực'),
(67, 'Bữa trưa với thực đơn chọn sẵn', 'restaurant_menu', 'Ẩm thực'),
(68, 'Phục vụ món chay', 'restaurant_menu', 'Ẩm thực'),
(69, 'Áo choàng tắm', 'meeting_room', 'Tiện nghi phòng'),
(70, 'Bồn tắm', 'meeting_room', 'Tiện nghi phòng'),
(71, 'Phòng tắm đứng và bồn tắm riêng', 'meeting_room', 'Tiện nghi phòng'),
(72, 'Quầy lễ tân', 'room_service', 'Dịch vụ khách sạn'),
(73, 'Máy sấy quần áo', 'apartment', 'Tiện nghi chung'),
(74, 'Phòng liên thông', 'apartment', 'Tiện nghi chung'),
(75, 'Máy ATM/Ngân hàng', 'storefront', 'Các tiện ích lân cận'),
(76, 'Thẩm mỹ viện', 'storefront', 'Các tiện ích lân cận'),
(77, 'Hiệu làm tóc', 'storefront', 'Các tiện ích lân cận'),
(78, 'Giặt ủi', 'storefront', 'Các tiện ích lân cận'),
(79, 'Siêu thị', 'storefront', 'Các tiện ích lân cận'),
(80, 'Các tiện nghi văn phòng', 'business_center', 'Tiện nghi văn phòng'),
(81, 'Phòng hội nghị', 'business_center', 'Tiện nghi văn phòng'),
(82, 'Tiện nghi hội họp', 'business_center', 'Tiện nghi văn phòng'),
(83, 'Máy in', 'business_center', 'Tiện nghi văn phòng'),
(84, 'Máy chiếu', 'business_center', 'Tiện nghi văn phòng'),
(85, 'Trung tâm thể dục thể hình', 'sports_esports', 'Các hoạt động'),
(86, 'Mát-xa', 'sports_esports', 'Các hoạt động'),
(87, 'Xông hơi ướt', 'sports_esports', 'Các hoạt động'),
(88, 'Dịch vụ spa', 'sports_esports', 'Các hoạt động'),
(89, 'Câu lạc bộ thiếu nhi', 'family_restroom', 'Tiện nghi phù hợp với gia đình'),
(90, 'Dịch vụ nhận phòng cấp tốc', 'room_service', 'Dịch vụ khách sạn'),
(91, 'Dịch vụ trả phòng cấp tốc', 'room_service', 'Dịch vụ khách sạn'),
(92, 'Khu vui chơi trẻ em', 'sports_esports', 'Các hoạt động'),
(93, 'Hồ bơi ngoài trời', 'sports_esports', 'Các hoạt động'),
(94, 'Bãi biển riêng', 'sports_esports', 'Các hoạt động'),
(95, 'Dịch vụ văn phòng', 'business_center', 'Tiện nghi văn phòng'),
(96, 'Các môn thể thao dưới nước', 'fitness_center', 'Thể thao & Giải trí'),
(97, 'Giữ trẻ', 'child_friendly', 'Trẻ em và Thú cưng'),
(98, 'Dịch vụ cho thuê xe đạp', 'directions_car', 'Vận chuyển'),
(99, 'Tiệc nướng ngoài trời', 'sports_esports', 'Các hoạt động'),
(100, 'Vườn hoa', 'sports_esports', 'Các hoạt động');
INSERT INTO `amenities` (`id`, `name`, `icon`, `category`) VALUES
(101, 'Karaoke', 'sports_esports', 'Các hoạt động'),
(102, 'Bàn bi-da', 'fitness_center', 'Thể thao & Giải trí'),
(103, 'Phi tiêu', 'fitness_center', 'Thể thao & Giải trí'),
(104, 'Tiệc chiêu đãi', 'apartment', 'Tiện nghi chung'),
(105, 'Tủ khoá', 'apartment', 'Tiện nghi chung'),
(106, 'Bãi gửi xe', 'apartment', 'Tiện nghi chung'),
(107, 'Ghế dài tắm nắng hồ bơi', 'sports_kabaddi', 'Các hoạt động'),
(108, 'Quầy phục vụ đồ ăn nhẹ', 'restaurant_menu', 'Ẩm thực'),
(109, 'Khu ẩm thực', 'restaurant_menu', 'Ẩm thực'),
(110, 'Quầy bar bên hồ bơi', 'restaurant_menu', 'Ẩm thực'),
(111, 'Đồ ăn nhẹ', 'restaurant_menu', 'Ẩm thực'),
(112, 'Thức uống chào mừng miễn phí', 'room_service', 'Dịch vụ khách sạn'),
(113, 'Hội trường đa chức năng', 'apartment', 'Tiện nghi chung'),
(114, 'Sân thượng/Sân hiên', 'apartment', 'Tiện nghi chung'),
(115, 'Tủ lạnh', 'meeting_room', 'Tiện nghi phòng'),
(116, 'Đưa đón bãi biển', 'directions_car', 'Vận chuyển'),
(117, 'Bữa tối với thực đơn gọi món', 'restaurant_menu', 'Ẩm thực'),
(118, 'Bữa sáng tại bàn', 'restaurant_menu', 'Ẩm thực'),
(119, 'Bữa sáng món chọn', 'restaurant_menu', 'Ẩm thực'),
(120, 'Bữa sáng cho người dậy sớm', 'restaurant_menu', 'Ẩm thực'),
(121, 'Bữa ăn không chứa gluten', 'restaurant_menu', 'Ẩm thực'),
(122, 'Bữa sáng phục vụ món nóng', 'restaurant_menu', 'Ẩm thực'),
(123, 'Phục vụ bữa sáng cho người dậy muộn', 'restaurant_menu', 'Ẩm thực'),
(124, 'Thực đơn ăn kiêng', 'restaurant_menu', 'Ẩm thực'),
(125, 'Đội ngũ nhân viên đa ngôn ngữ', 'room_service', 'Dịch vụ khách sạn'),
(126, 'Phòng xông hơi', 'sports_esports', 'Các hoạt động'),
(127, 'Ghế dài tắm nắng', 'sports_esports', 'Các hoạt động'),
(128, 'Hỗ trợ phòng cho người khuyết tật', 'accessible', 'Hỗ trợ người khuyết tật'),
(129, 'Chỗ đậu xe cho người khuyết tật', 'accessible', 'Hỗ trợ người khuyết tật'),
(130, 'Lối đi lại cho người khuyết tật', 'accessible', 'Hỗ trợ người khuyết tật'),
(131, 'Thuận tiện cho người khuyết tật', 'accessible', 'Hỗ trợ người khuyết tật'),
(132, 'Trang bị phòng phù hợp với người khuyết tật', 'accessible', 'Hỗ trợ người khuyết tật'),
(133, 'Phòng tắm phù hợp với xe lăn', 'accessible', 'Hỗ trợ người khuyết tật'),
(134, 'Phù hợp cho xe lăn', 'accessible', 'Hỗ trợ người khuyết tật'),
(135, 'Đưa đón trong khu vực', 'directions_car', 'Vận chuyển'),
(136, 'Bãi đậu xe có người phục vụ', 'directions_car', 'Vận chuyển'),
(137, 'Dịch vụ giữ trẻ (thu phí)', 'child_friendly', 'Trẻ em và Thú cưng'),
(138, 'CRIBS', 'child_friendly', 'Trẻ em và Thú cưng'),
(139, 'Trung tâm chăm sóc trẻ em', 'child_friendly', 'Trẻ em và Thú cưng'),
(140, 'Dịch vụ trông trẻ có người giám hộ', 'child_friendly', 'Trẻ em và Thú cưng'),
(141, 'Điện thoại gọi quốc tế', 'wifi', 'Kết nối mạng'),
(142, 'Máy photocopy', 'business_center', 'Tiện nghi văn phòng'),
(143, 'Xe đạp địa hình', 'fitness_center', 'Thể thao & Giải trí'),
(144, 'Điểm truy cập Internet', 'wifi', 'Kết nối mạng'),
(145, 'Dịch vụ chăm sóc y tế', 'room_service', 'Dịch vụ khách sạn'),
(146, 'Nhật báo', 'room_service', 'Dịch vụ khách sạn'),
(147, 'Hồ nước nóng Jacuzzi', 'sports_kabaddi', 'Các hoạt động'),
(148, 'Thư viện', 'sports_kabaddi', 'Các hoạt động'),
(149, 'Dù (ô) che nắng', 'sports_esports', 'Các hoạt động'),
(150, 'Bồn tắm nước nóng', 'sports_esports', 'Các hoạt động');
INSERT INTO `amenities` (`id`, `name`, `icon`, `category`) VALUES
(151, 'Xông hơi khô/ướt', 'sports_esports', 'Các hoạt động'),
(152, 'Phòng xem TV', 'sports_kabaddi', 'Các hoạt động'),
(153, 'Nhà bếp mini', 'bedroom_parent', 'Tiện nghi phòng'),
(154, 'Lò vi sóng', 'bedroom_parent', 'Tiện nghi phòng'),
(155, 'Bữa trưa với thực đơn gọi món', 'restaurant_menu', 'Ẩm thực'),
(156, 'Tiệc liên hoan', 'restaurant_menu', 'Ẩm thực'),
(157, 'Không khói thuốc', 'apartment', 'Tiện nghi chung'),
(158, 'Máy tính', 'business_center', 'Tiện nghi văn phòng'),
(159, 'Bãi đậu xe an ninh', 'directions_car', 'Vận chuyển'),
(160, 'Phòng tắm phù hợp cho người khuyết tật', 'accessible', 'Hỗ trợ người khuyết tật'),
(161, 'Hồ bơi trẻ em', 'sports_esports', 'Các hoạt động'),
(162, 'Sân golf mini', 'sports_esports', 'Thể thao & Giải trí'),
(163, 'Cửa hàng quà tặng', 'storefront', 'Các tiện ích lân cận'),
(164, 'Dịch vụ tiệc cưới', 'room_service', 'Dịch vụ khách sạn'),
(165, 'Bữa sáng phục vụ tại bàn', 'restaurant_menu', 'Ẩm thực'),
(166, 'Lễ tân hội nghị', 'business_center', 'Tiện nghi văn phòng'),
(167, 'Quán rượu', 'restaurant_menu', 'Ẩm thực'),
(168, 'Hồ bơi trong nhà', 'sports_esports', 'Các hoạt động'),
(169, 'Phòng được trang bị phù hợp cho người khuyết tật', 'accessible', 'Hỗ trợ người khuyết tật'),
(170, 'Bữa tối món tự chọn', 'restaurant_menu', 'Ẩm thực'),
(171, 'Bữa trưa món tự chọn', 'restaurant_menu', 'Ẩm thực'),
(172, 'Bữa sáng miễn phí', 'restaurant_menu', 'Ẩm thực'),
(173, 'Câu lạc bộ sức khoẻ', 'sports_esports', 'Các hoạt động'),
(174, 'Hồ bơi nước nóng trong nhà', 'sports_esports', 'Các hoạt động'),
(175, 'Phòng trò chơi', 'fitness_center', 'Thể thao & Giải trí'),
(176, 'Điện thoại di động', 'room_service', 'Dịch vụ khách sạn'),
(177, 'Giữ xe đạp', 'directions_car', 'Vận chuyển'),
(178, 'Bãi đậu xe hạn chế', 'directions_car', 'Vận chuyển'),
(179, 'Các tiện nghi ngoài trời', 'sports_esports', 'Các hoạt động'),
(180, 'WiFi tại khu vực chung (thu phí)', 'wifi', 'Kết nối mạng'),
(181, 'Bữa sáng kiểu Âu', 'restaurant_menu', 'Ẩm thực'),
(182, 'Máy sưởi', 'apartment', 'Tiện nghi chung'),
(183, 'Khu vực dã ngoại', 'sports_esports', 'Các hoạt động'),
(184, 'Dịch vụ xe limo/xe đưa đón hạng sang', 'directions_car', 'Vận chuyển'),
(185, 'Đưa đón đến trung tâm thương mại', 'directions_car', 'Vận chuyển'),
(186, 'Chợ đêm Sapa', 'storefront', 'Các tiện ích lân cận'),
(187, 'Núi Hàm Rồng', 'storefront', 'Các tiện ích lân cận'),
(188, 'Nhà thờ đá Sapa', 'storefront', 'Các tiện ích lân cận'),
(189, 'Sapa Tourist Information Center', 'storefront', 'Các tiện ích lân cận'),
(190, 'Sapa Station - Ga Tàu Leo Núi', 'storefront', 'Các tiện ích lân cận'),
(191, 'Sapa Culture Museum', 'storefront', 'Các tiện ích lân cận'),
(192, 'SAPA Monument', 'storefront', 'Các tiện ích lân cận'),
(193, 'Hồ Sa Pa', 'storefront', 'Các tiện ích lân cận'),
(194, 'Thác Bạc', 'storefront', 'Các tiện ích lân cận'),
(195, 'Mẫu Sơn Temple', 'storefront', 'Các tiện ích lân cận'),
(196, 'Mường Hoa', 'storefront', 'Các tiện ích lân cận'),
(197, 'Bản Cát Cát', 'storefront', 'Các tiện ích lân cận'),
(198, 'CATCAT GARDEN', 'storefront', 'Các tiện ích lân cận'),
(199, 'Ga cáp treo Fansipan', 'storefront', 'Các tiện ích lân cận'),
(200, 'Dịch vụ hội họp', 'room_service', 'Dịch vụ khách sạn');
INSERT INTO `amenities` (`id`, `name`, `icon`, `category`) VALUES
(201, 'Tổ chức sự kiện', 'room_service', 'Dịch vụ khách sạn'),
(202, 'Cửa hàng tiện lợi', 'storefront', 'Các tiện ích lân cận'),
(203, 'Biển Nha Trang', 'storefront', 'Các tiện ích lân cận'),
(204, 'Quảng trường 2/4', 'storefront', 'Các tiện ích lân cận'),
(205, 'Xông hơi khô', 'sports_esports', 'Các hoạt động'),
(206, 'Tháp Trầm Hương', 'storefront', 'Các tiện ích lân cận'),
(207, 'Chợ đêm Nha Trang', 'storefront', 'Các tiện ích lân cận'),
(208, 'Trung tâm Thuyền buồm Việt Nam', 'storefront', 'Các tiện ích lân cận');

-- ---------------------------------------------------
-- Bảng: property_amenities
-- ---------------------------------------------------
DROP TABLE IF EXISTS `property_amenities`;
CREATE TABLE "property_amenities" (
  "property_id" int NOT NULL,
  "amenity_id" int NOT NULL,
  PRIMARY KEY ("property_id","amenity_id"),
  KEY "amenity_id" ("amenity_id"),
  CONSTRAINT "property_amenities_ibfk_1" FOREIGN KEY ("property_id") REFERENCES "properties" ("id") ON DELETE CASCADE,
  CONSTRAINT "property_amenities_ibfk_2" FOREIGN KEY ("amenity_id") REFERENCES "amenities" ("id") ON DELETE CASCADE
);

-- Data cho bảng property_amenities (1208 dòng)
INSERT INTO `property_amenities` (`property_id`, `amenity_id`) VALUES
(1, 1),
(31, 1),
(32, 1),
(34, 1),
(42, 1),
(43, 1),
(51, 1),
(52, 1),
(53, 1),
(55, 1),
(101, 1),
(102, 1),
(103, 1),
(104, 1),
(105, 1),
(106, 1),
(107, 1),
(108, 1),
(1, 2),
(31, 2),
(32, 2),
(33, 2),
(34, 2),
(41, 2),
(42, 2),
(43, 2),
(51, 2),
(52, 2),
(53, 2),
(55, 2),
(101, 2),
(102, 2),
(103, 2),
(104, 2),
(105, 2),
(106, 2),
(107, 2),
(108, 2),
(1, 3),
(31, 3),
(32, 3),
(33, 3),
(34, 3),
(35, 3),
(42, 3),
(43, 3),
(52, 3),
(53, 3),
(54, 3),
(55, 3);
INSERT INTO `property_amenities` (`property_id`, `amenity_id`) VALUES
(101, 3),
(102, 3),
(103, 3),
(104, 3),
(105, 3),
(106, 3),
(107, 3),
(108, 3),
(1, 4),
(31, 4),
(32, 4),
(33, 4),
(42, 4),
(43, 4),
(51, 4),
(52, 4),
(53, 4),
(54, 4),
(55, 4),
(101, 4),
(102, 4),
(103, 4),
(104, 4),
(105, 4),
(107, 4),
(108, 4),
(1, 5),
(1, 6),
(32, 6),
(42, 6),
(43, 6),
(52, 6),
(53, 6),
(55, 6),
(101, 6),
(102, 6),
(103, 6),
(104, 6),
(106, 6),
(107, 6),
(108, 6),
(1, 7),
(32, 7),
(41, 7),
(42, 7),
(43, 7),
(51, 7),
(52, 7),
(53, 7),
(55, 7);
INSERT INTO `property_amenities` (`property_id`, `amenity_id`) VALUES
(101, 7),
(102, 7),
(103, 7),
(104, 7),
(106, 7),
(107, 7),
(108, 7),
(1, 8),
(32, 8),
(43, 8),
(52, 8),
(53, 8),
(55, 8),
(102, 8),
(103, 8),
(106, 8),
(107, 8),
(108, 8),
(1, 9),
(32, 9),
(43, 9),
(52, 9),
(53, 9),
(55, 9),
(101, 9),
(102, 9),
(103, 9),
(104, 9),
(106, 9),
(107, 9),
(108, 9),
(1, 10),
(43, 10),
(53, 10),
(102, 10),
(103, 10),
(104, 10),
(1, 11),
(33, 11),
(43, 11),
(51, 11),
(52, 11),
(53, 11),
(55, 11),
(102, 11),
(103, 11),
(104, 11),
(106, 11),
(107, 11),
(108, 11);
INSERT INTO `property_amenities` (`property_id`, `amenity_id`) VALUES
(1, 12),
(43, 12),
(53, 12),
(103, 12),
(1, 13),
(32, 13),
(33, 13),
(34, 13),
(41, 13),
(42, 13),
(43, 13),
(51, 13),
(52, 13),
(53, 13),
(54, 13),
(55, 13),
(101, 13),
(102, 13),
(103, 13),
(104, 13),
(106, 13),
(107, 13),
(108, 13),
(1, 14),
(42, 14),
(43, 14),
(52, 14),
(53, 14),
(1, 15),
(32, 15),
(33, 15),
(35, 15),
(41, 15),
(42, 15),
(43, 15),
(51, 15),
(52, 15),
(53, 15),
(54, 15),
(55, 15),
(101, 15),
(102, 15),
(103, 15),
(104, 15),
(106, 15),
(107, 15),
(108, 15),
(1, 16),
(32, 16),
(52, 16);
INSERT INTO `property_amenities` (`property_id`, `amenity_id`) VALUES
(104, 16),
(106, 16),
(1, 17),
(42, 17),
(43, 17),
(52, 17),
(53, 17),
(106, 17),
(1, 18),
(32, 18),
(41, 18),
(42, 18),
(43, 18),
(52, 18),
(53, 18),
(55, 18),
(101, 18),
(102, 18),
(103, 18),
(104, 18),
(106, 18),
(107, 18),
(108, 18),
(1, 19),
(103, 19),
(106, 19),
(1, 20),
(34, 20),
(42, 20),
(43, 20),
(52, 20),
(53, 20),
(55, 20),
(101, 20),
(103, 20),
(104, 20),
(106, 20),
(107, 20),
(108, 20),
(1, 21),
(32, 21),
(103, 21),
(106, 21),
(1, 22),
(31, 22),
(32, 22),
(42, 22),
(43, 22),
(51, 22),
(52, 22);
INSERT INTO `property_amenities` (`property_id`, `amenity_id`) VALUES
(53, 22),
(55, 22),
(101, 22),
(102, 22),
(103, 22),
(104, 22),
(106, 22),
(107, 22),
(108, 22),
(1, 23),
(52, 23),
(1, 24),
(34, 24),
(35, 24),
(43, 24),
(51, 24),
(53, 24),
(54, 24),
(55, 24),
(101, 24),
(103, 24),
(104, 24),
(106, 24),
(107, 24),
(108, 24),
(1, 25),
(31, 25),
(32, 25),
(52, 25),
(101, 25),
(102, 25),
(107, 25),
(108, 25),
(1, 26),
(31, 26),
(43, 26),
(53, 26),
(55, 26),
(101, 26),
(102, 26),
(103, 26),
(104, 26),
(106, 26),
(107, 26),
(108, 26),
(1, 27),
(31, 27),
(43, 27),
(53, 27),
(103, 27);
INSERT INTO `property_amenities` (`property_id`, `amenity_id`) VALUES
(1, 28),
(31, 28),
(43, 28),
(103, 28),
(1, 29),
(31, 29),
(32, 29),
(34, 29),
(42, 29),
(43, 29),
(51, 29),
(52, 29),
(53, 29),
(55, 29),
(101, 29),
(102, 29),
(103, 29),
(106, 29),
(107, 29),
(108, 29),
(1, 30),
(31, 30),
(32, 30),
(34, 30),
(41, 30),
(42, 30),
(43, 30),
(52, 30),
(53, 30),
(55, 30),
(101, 30),
(102, 30),
(103, 30),
(104, 30),
(106, 30),
(107, 30),
(108, 30),
(1, 31),
(31, 31),
(32, 31),
(33, 31),
(34, 31),
(42, 31),
(43, 31),
(51, 31),
(52, 31),
(53, 31),
(54, 31),
(55, 31),
(101, 31);
INSERT INTO `property_amenities` (`property_id`, `amenity_id`) VALUES
(102, 31),
(103, 31),
(104, 31),
(105, 31),
(106, 31),
(107, 31),
(108, 31),
(1, 32),
(32, 32),
(34, 32),
(52, 32),
(53, 32),
(55, 32),
(102, 32),
(103, 32),
(106, 32),
(107, 32),
(108, 32),
(1, 33),
(32, 33),
(34, 33),
(42, 33),
(51, 33),
(52, 33),
(53, 33),
(55, 33),
(101, 33),
(102, 33),
(103, 33),
(104, 33),
(106, 33),
(107, 33),
(108, 33),
(1, 34),
(32, 34),
(34, 34),
(42, 34),
(43, 34),
(51, 34),
(52, 34),
(53, 34),
(55, 34),
(101, 34),
(102, 34),
(103, 34),
(104, 34),
(106, 34),
(107, 34),
(108, 34),
(1, 35);
INSERT INTO `property_amenities` (`property_id`, `amenity_id`) VALUES
(32, 35),
(34, 35),
(42, 35),
(43, 35),
(52, 35),
(53, 35),
(55, 35),
(101, 35),
(102, 35),
(103, 35),
(104, 35),
(106, 35),
(107, 35),
(108, 35),
(1, 36),
(32, 36),
(34, 36),
(42, 36),
(43, 36),
(52, 36),
(53, 36),
(55, 36),
(101, 36),
(102, 36),
(103, 36),
(104, 36),
(106, 36),
(107, 36),
(108, 36),
(1, 37),
(32, 37),
(34, 37),
(42, 37),
(43, 37),
(51, 37),
(52, 37),
(53, 37),
(55, 37),
(101, 37),
(102, 37),
(103, 37),
(104, 37),
(106, 37),
(107, 37),
(108, 37),
(1, 38),
(32, 38),
(34, 38),
(42, 38),
(51, 38);
INSERT INTO `property_amenities` (`property_id`, `amenity_id`) VALUES
(52, 38),
(53, 38),
(55, 38),
(101, 38),
(102, 38),
(103, 38),
(104, 38),
(106, 38),
(107, 38),
(108, 38),
(1, 39),
(32, 39),
(34, 39),
(41, 39),
(42, 39),
(52, 39),
(53, 39),
(55, 39),
(102, 39),
(103, 39),
(106, 39),
(1, 40),
(55, 40),
(103, 40),
(1, 41),
(33, 41),
(42, 41),
(43, 41),
(51, 41),
(52, 41),
(53, 41),
(101, 41),
(102, 41),
(103, 41),
(104, 41),
(106, 41),
(107, 41),
(108, 41),
(1, 42),
(34, 42),
(41, 42),
(42, 42),
(43, 42),
(52, 42),
(53, 42),
(102, 42),
(103, 42),
(104, 42),
(107, 42),
(108, 42);
INSERT INTO `property_amenities` (`property_id`, `amenity_id`) VALUES
(1, 43),
(52, 43),
(1, 44),
(52, 44),
(55, 44),
(101, 44),
(102, 44),
(103, 44),
(104, 44),
(1, 45),
(43, 45),
(52, 45),
(55, 45),
(101, 45),
(103, 45),
(107, 45),
(108, 45),
(1, 46),
(52, 46),
(53, 46),
(103, 46),
(1, 47),
(43, 47),
(102, 47),
(104, 47),
(107, 47),
(108, 47),
(1, 48),
(31, 48),
(32, 48),
(33, 48),
(35, 48),
(41, 48),
(42, 48),
(43, 48),
(51, 48),
(52, 48),
(53, 48),
(54, 48),
(55, 48),
(101, 48),
(102, 48),
(103, 48),
(104, 48),
(105, 48),
(106, 48),
(107, 48),
(108, 48),
(1, 49),
(32, 49);
INSERT INTO `property_amenities` (`property_id`, `amenity_id`) VALUES
(101, 49),
(103, 49),
(1, 50),
(32, 50),
(35, 50),
(42, 50),
(51, 50),
(53, 50),
(54, 50),
(55, 50),
(101, 50),
(102, 50),
(103, 50),
(106, 50),
(1, 51),
(52, 51),
(53, 51),
(31, 52),
(32, 52),
(33, 52),
(34, 52),
(35, 52),
(41, 52),
(42, 52),
(43, 52),
(51, 52),
(52, 52),
(53, 52),
(54, 52),
(55, 52),
(101, 52),
(102, 52),
(103, 52),
(104, 52),
(105, 52),
(106, 52),
(107, 52),
(108, 52),
(31, 53),
(32, 53),
(33, 53),
(34, 53),
(35, 53),
(41, 53),
(42, 53),
(43, 53),
(51, 53),
(52, 53),
(53, 53),
(54, 53);
INSERT INTO `property_amenities` (`property_id`, `amenity_id`) VALUES
(55, 53),
(101, 53),
(102, 53),
(103, 53),
(104, 53),
(105, 53),
(106, 53),
(107, 53),
(108, 53),
(31, 54),
(32, 54),
(33, 54),
(34, 54),
(42, 54),
(43, 54),
(51, 54),
(52, 54),
(54, 54),
(55, 54),
(102, 54),
(106, 54),
(31, 55),
(32, 55),
(34, 55),
(42, 55),
(43, 55),
(52, 55),
(53, 55),
(55, 55),
(101, 55),
(102, 55),
(103, 55),
(106, 55),
(107, 55),
(108, 55),
(31, 56),
(32, 56),
(34, 56),
(42, 56),
(43, 56),
(52, 56),
(53, 56),
(55, 56),
(101, 56),
(102, 56),
(103, 56),
(106, 56),
(107, 56),
(108, 56),
(31, 57);
INSERT INTO `property_amenities` (`property_id`, `amenity_id`) VALUES
(32, 57),
(33, 57),
(34, 57),
(35, 57),
(42, 57),
(43, 57),
(52, 57),
(53, 57),
(54, 57),
(55, 57),
(102, 57),
(104, 57),
(105, 57),
(106, 57),
(107, 57),
(108, 57),
(31, 58),
(34, 58),
(42, 58),
(43, 58),
(53, 58),
(55, 58),
(106, 58),
(32, 59),
(34, 59),
(35, 59),
(41, 59),
(42, 59),
(43, 59),
(52, 59),
(53, 59),
(55, 59),
(101, 59),
(102, 59),
(103, 59),
(104, 59),
(106, 59),
(107, 59),
(108, 59),
(32, 60),
(42, 60),
(43, 60),
(52, 60),
(53, 60),
(55, 60),
(102, 60),
(103, 60),
(106, 60),
(107, 60),
(108, 60);
INSERT INTO `property_amenities` (`property_id`, `amenity_id`) VALUES
(32, 61),
(52, 61),
(53, 61),
(55, 61),
(102, 61),
(103, 61),
(106, 61),
(107, 61),
(108, 61),
(32, 62),
(34, 62),
(42, 62),
(43, 62),
(51, 62),
(53, 62),
(55, 62),
(102, 62),
(103, 62),
(106, 62),
(107, 62),
(108, 62),
(32, 63),
(53, 63),
(102, 63),
(32, 64),
(43, 64),
(53, 64),
(102, 64),
(32, 65),
(42, 65),
(43, 65),
(53, 65),
(55, 65),
(101, 65),
(102, 65),
(106, 65),
(107, 65),
(108, 65),
(32, 66),
(42, 66),
(43, 66),
(102, 66),
(106, 66),
(32, 67),
(102, 67),
(106, 67),
(32, 68),
(43, 68),
(52, 68),
(53, 68);
INSERT INTO `property_amenities` (`property_id`, `amenity_id`) VALUES
(106, 68),
(32, 69),
(42, 69),
(43, 69),
(52, 69),
(53, 69),
(101, 69),
(103, 69),
(104, 69),
(106, 69),
(107, 69),
(108, 69),
(32, 70),
(42, 70),
(43, 70),
(52, 70),
(53, 70),
(55, 70),
(101, 70),
(106, 70),
(107, 70),
(108, 70),
(32, 71),
(42, 71),
(43, 71),
(52, 71),
(106, 71),
(32, 72),
(33, 72),
(42, 72),
(43, 72),
(51, 72),
(52, 72),
(53, 72),
(54, 72),
(101, 72),
(103, 72),
(104, 72),
(106, 72),
(107, 72),
(108, 72),
(32, 73),
(103, 73),
(32, 74),
(52, 74),
(102, 74),
(103, 74),
(32, 75),
(51, 75),
(53, 75);
INSERT INTO `property_amenities` (`property_id`, `amenity_id`) VALUES
(54, 75),
(55, 75),
(102, 75),
(103, 75),
(32, 76),
(101, 76),
(103, 76),
(106, 76),
(32, 77),
(55, 77),
(101, 77),
(103, 77),
(32, 78),
(55, 78),
(103, 78),
(32, 79),
(51, 79),
(53, 79),
(101, 79),
(102, 79),
(103, 79),
(104, 79),
(107, 79),
(32, 80),
(52, 80),
(55, 80),
(102, 80),
(106, 80),
(32, 81),
(42, 81),
(52, 81),
(53, 81),
(55, 81),
(102, 81),
(104, 81),
(106, 81),
(107, 81),
(108, 81),
(32, 82),
(34, 82),
(42, 82),
(52, 82),
(53, 82),
(55, 82),
(102, 82),
(104, 82),
(106, 82),
(107, 82),
(108, 82),
(32, 83);
INSERT INTO `property_amenities` (`property_id`, `amenity_id`) VALUES
(43, 83),
(52, 83),
(53, 83),
(55, 83),
(101, 83),
(102, 83),
(103, 83),
(104, 83),
(107, 83),
(108, 83),
(32, 84),
(42, 84),
(52, 84),
(53, 84),
(55, 84),
(102, 84),
(104, 84),
(106, 84),
(32, 85),
(34, 85),
(42, 85),
(43, 85),
(52, 85),
(53, 85),
(55, 85),
(102, 85),
(108, 85),
(32, 86),
(34, 86),
(42, 86),
(52, 86),
(55, 86),
(102, 86),
(106, 86),
(108, 86),
(32, 87),
(43, 87),
(52, 87),
(55, 87),
(102, 87),
(108, 87),
(32, 88),
(34, 88),
(42, 88),
(43, 88),
(52, 88),
(55, 88),
(102, 88),
(106, 88),
(108, 88);
INSERT INTO `property_amenities` (`property_id`, `amenity_id`) VALUES
(32, 89),
(52, 89),
(55, 89),
(102, 89),
(33, 90),
(35, 90),
(41, 90),
(43, 90),
(51, 90),
(53, 90),
(54, 90),
(101, 90),
(103, 90),
(107, 90),
(108, 90),
(33, 91),
(43, 91),
(51, 91),
(53, 91),
(54, 91),
(101, 91),
(103, 91),
(107, 91),
(108, 91),
(34, 92),
(52, 92),
(53, 92),
(55, 92),
(106, 92),
(34, 93),
(35, 93),
(41, 93),
(43, 93),
(52, 93),
(101, 93),
(104, 93),
(107, 93),
(108, 93),
(34, 94),
(34, 95),
(52, 95),
(53, 95),
(55, 95),
(104, 95),
(106, 95),
(34, 96),
(34, 97),
(43, 97),
(34, 98),
(52, 98);
INSERT INTO `property_amenities` (`property_id`, `amenity_id`) VALUES
(55, 98),
(103, 98),
(35, 99),
(106, 99),
(35, 100),
(52, 100),
(53, 100),
(101, 100),
(102, 100),
(106, 100),
(35, 101),
(102, 101),
(108, 101),
(35, 102),
(42, 102),
(35, 103),
(41, 104),
(42, 104),
(43, 104),
(52, 104),
(53, 104),
(102, 104),
(106, 104),
(41, 105),
(41, 106),
(41, 107),
(52, 107),
(41, 108),
(42, 108),
(43, 108),
(55, 108),
(106, 108),
(42, 109),
(52, 109),
(102, 109),
(106, 109),
(42, 110),
(43, 110),
(102, 110),
(104, 110),
(107, 110),
(108, 110),
(42, 111),
(43, 111),
(53, 111),
(102, 111),
(106, 111),
(42, 112),
(43, 112),
(52, 112);
INSERT INTO `property_amenities` (`property_id`, `amenity_id`) VALUES
(53, 112),
(102, 112),
(103, 112),
(106, 112),
(42, 113),
(52, 113),
(102, 113),
(108, 113),
(42, 114),
(43, 114),
(103, 114),
(106, 114),
(42, 115),
(43, 115),
(51, 115),
(52, 115),
(53, 115),
(55, 115),
(101, 115),
(102, 115),
(103, 115),
(107, 115),
(108, 115),
(42, 116),
(43, 116),
(43, 117),
(52, 117),
(53, 117),
(102, 117),
(106, 117),
(43, 118),
(43, 119),
(43, 120),
(53, 120),
(43, 121),
(43, 122),
(52, 122),
(106, 122),
(43, 123),
(43, 124),
(52, 124),
(43, 125),
(52, 125),
(55, 125),
(102, 125),
(106, 125),
(43, 126),
(52, 126),
(102, 126),
(43, 127);
INSERT INTO `property_amenities` (`property_id`, `amenity_id`) VALUES
(53, 127),
(107, 127),
(43, 128),
(43, 129),
(52, 129),
(54, 129),
(55, 129),
(102, 129),
(43, 130),
(53, 130),
(102, 130),
(43, 131),
(52, 131),
(53, 131),
(102, 131),
(43, 132),
(43, 133),
(52, 133),
(53, 133),
(101, 133),
(102, 133),
(43, 134),
(52, 134),
(53, 134),
(101, 134),
(102, 134),
(43, 135),
(106, 135),
(43, 136),
(104, 136),
(43, 137),
(103, 137),
(43, 138),
(52, 138),
(43, 139),
(43, 140),
(43, 141),
(52, 141),
(53, 141),
(101, 141),
(43, 142),
(53, 142),
(55, 142),
(101, 142),
(102, 142),
(104, 142),
(106, 142),
(107, 142),
(108, 142),
(43, 143);
INSERT INTO `property_amenities` (`property_id`, `amenity_id`) VALUES
(51, 144),
(53, 144),
(52, 145),
(101, 145),
(103, 145),
(108, 145),
(52, 146),
(102, 146),
(106, 146),
(52, 147),
(52, 148),
(52, 149),
(53, 149),
(52, 150),
(102, 150),
(106, 150),
(52, 151),
(102, 151),
(52, 152),
(52, 153),
(52, 154),
(52, 155),
(53, 155),
(102, 155),
(106, 155),
(52, 156),
(102, 156),
(106, 156),
(52, 157),
(103, 157),
(106, 157),
(52, 158),
(102, 158),
(106, 158),
(52, 159),
(53, 159),
(101, 159),
(103, 159),
(104, 159),
(106, 159),
(107, 159),
(108, 159),
(52, 160),
(52, 161),
(53, 161),
(101, 161),
(107, 161),
(52, 162),
(52, 163),
(53, 163);
INSERT INTO `property_amenities` (`property_id`, `amenity_id`) VALUES
(101, 163),
(103, 163),
(106, 163),
(53, 164),
(102, 164),
(106, 164),
(53, 165),
(53, 166),
(102, 166),
(106, 166),
(55, 167),
(106, 167),
(55, 168),
(102, 168),
(103, 168),
(106, 168),
(55, 169),
(102, 170),
(102, 171),
(102, 172),
(102, 173),
(102, 174),
(102, 175),
(103, 176),
(103, 177),
(103, 178),
(103, 179),
(106, 179),
(103, 180),
(106, 181),
(106, 182),
(106, 183),
(106, 184),
(106, 185),
(105, 186),
(105, 187),
(105, 188),
(105, 189),
(105, 190),
(105, 191),
(105, 192),
(105, 193),
(105, 194),
(105, 195),
(105, 196),
(105, 197),
(105, 198),
(105, 199),
(105, 200),
(105, 201);
INSERT INTO `property_amenities` (`property_id`, `amenity_id`) VALUES
(107, 202),
(107, 203),
(107, 204),
(108, 204),
(108, 205),
(108, 206),
(108, 207),
(108, 208);

-- ---------------------------------------------------
-- Bảng: room_types
-- ---------------------------------------------------
DROP TABLE IF EXISTS `room_types`;
CREATE TABLE `room_types` (
  `id` int(11) NOT NULL AUTO_INCREMENT,
  `property_id` int(11) NOT NULL,
  `name` varchar(255) NOT NULL,
  `price` decimal(15,2) NOT NULL,
  `total_allotment` int(11) NOT NULL,
  `max_adults` int(11) DEFAULT 2,
  `max_children` int(11) DEFAULT 1,
  `room_size` int(11) DEFAULT NULL,
  `bed_type` varchar(100) DEFAULT NULL,
  `created_at` timestamp NOT NULL DEFAULT current_timestamp(),
  PRIMARY KEY (`id`),
  KEY `property_id` (`property_id`),
  CONSTRAINT `room_types_ibfk_1` FOREIGN KEY (`property_id`) REFERENCES `properties` (`id`) ON DELETE CASCADE
) ENGINE=InnoDB AUTO_INCREMENT=23 DEFAULT CHARSET=utf8mb4 COLLATE=utf8mb4_general_ci;

-- Data cho bảng room_types (22 dòng)
INSERT INTO `room_types` (`id`, `property_id`, `name`, `price`, `total_allotment`, `max_adults`, `max_children`, `room_size`, `bed_type`, `created_at`) VALUES
(1, 1, 'Phòng Tiêu chuẩn', '2500000.00', 5, 6, 1, 25, '3 Gường', '2026-03-09 08:49:31'),
(2, 31, 'Phòng Tiêu chuẩn', '1100000.00', 5, 6, 1, 25, '3 Gường', '2026-03-09 08:49:31'),
(3, 32, 'Phòng Tiêu chuẩn', '4500000.00', 5, 6, 1, 25, '3 Gường', '2026-03-09 08:49:31'),
(4, 33, 'Phòng Tiêu chuẩn', '650000.00', 5, 6, 1, 25, '3 Gường', '2026-03-09 08:49:31'),
(5, 34, 'Phòng Tiêu chuẩn', '1150000.00', 5, 6, 1, 25, '3 Gường', '2026-03-09 08:49:31'),
(6, 35, 'Phòng Tiêu chuẩn', '7650000.00', 5, 6, 1, 25, '3 Gường', '2026-03-09 08:49:31'),
(7, 41, 'Phòng Tiêu chuẩn', '8850000.00', 5, 6, 1, 25, '3 Gường', '2026-03-09 08:49:31'),
(8, 42, 'Phòng Tiêu chuẩn', '2000000.00', 5, 6, 1, 25, '3 Gường', '2026-03-09 08:49:31'),
(9, 43, 'Phòng Tiêu chuẩn', '1500000.00', 5, 6, 1, 25, '3 Gường', '2026-03-09 08:49:31'),
(10, 51, 'Phòng Tiêu chuẩn', '0.00', 5, 4, 1, 25, '2 Gường', '2026-03-09 08:49:31'),
(11, 52, 'Phòng Tiêu chuẩn', '1300000.00', 5, 2, 1, 25, '1 Giường đôi', '2026-03-09 08:49:31'),
(12, 53, 'Phòng Tiêu chuẩn', '1000000.00', 5, 6, 1, 25, '3 Gường', '2026-03-09 08:49:31'),
(13, 54, 'Phòng Tiêu chuẩn', '500000.00', 5, 4, 1, 25, '2 Gường', '2026-03-09 08:49:31'),
(14, 55, 'Phòng Tiêu chuẩn', '600000.00', 5, 6, 1, 25, '3 Gường', '2026-03-09 08:49:31'),
(15, 101, 'Phòng Tiêu chuẩn', '0.00', 5, 4, 1, 25, '2 Gường', '2026-03-09 08:49:31'),
(16, 102, 'Phòng Tiêu chuẩn', '1800000.00', 5, 4, 1, 25, '2 Gường', '2026-03-09 08:49:31'),
(17, 103, 'Phòng Tiêu chuẩn', '950000.00', 5, 4, 1, 25, '2 Gường', '2026-03-09 08:49:31'),
(18, 104, 'Phòng Tiêu chuẩn', '700000.00', 5, 4, 1, 25, '2 Gường', '2026-03-09 08:49:31'),
(19, 106, 'Phòng Tiêu chuẩn', '1700000.00', 5, 4, 1, 25, '2 Gường', '2026-03-09 08:49:31'),
(20, 105, 'Phòng Tiêu chuẩn', '900000.00', 5, 4, 1, 25, '2 Gường', '2026-03-09 08:49:31'),
(21, 107, 'Phòng Tiêu chuẩn', '1050000.00', 5, 4, 1, 25, '2 Gường', '2026-03-09 08:49:31'),
(22, 108, 'Phòng Tiêu chuẩn', '1250000.00', 5, 4, 1, 25, '2 Gường', '2026-03-09 08:49:31');

-- ---------------------------------------------------
-- Bảng: bookings
-- ---------------------------------------------------
DROP TABLE IF EXISTS `bookings`;
CREATE TABLE `bookings` (
  `id` int(11) NOT NULL AUTO_INCREMENT,
  `customer_id` int(11) NOT NULL,
  `property_id` int(11) NOT NULL,
  `room_type_id` int(11) NOT NULL,
  `check_in` date NOT NULL,
  `check_out` date NOT NULL,
  `number_of_rooms` int(11) DEFAULT 1,
  `total_price` decimal(15,2) NOT NULL,
  `status` varchar(50) DEFAULT 'pending',
  `special_requests` text DEFAULT NULL,
  `created_at` timestamp NOT NULL DEFAULT current_timestamp(),
  `updated_at` timestamp NOT NULL DEFAULT current_timestamp() ON UPDATE current_timestamp(),
  PRIMARY KEY (`id`),
  KEY `customer_id` (`customer_id`),
  KEY `property_id` (`property_id`),
  KEY `room_type_id` (`room_type_id`),
  CONSTRAINT `bookings_ibfk_1` FOREIGN KEY (`customer_id`) REFERENCES `users` (`id`) ON DELETE CASCADE,
  CONSTRAINT `bookings_ibfk_2` FOREIGN KEY (`property_id`) REFERENCES `properties` (`id`) ON DELETE CASCADE,
  CONSTRAINT `bookings_ibfk_3` FOREIGN KEY (`room_type_id`) REFERENCES `room_types` (`id`) ON DELETE CASCADE
) ENGINE=InnoDB DEFAULT CHARSET=utf8mb4 COLLATE=utf8mb4_general_ci;

-- (Bảng bookings không có dữ liệu)

-- ---------------------------------------------------
-- Bảng: reviews
-- ---------------------------------------------------
DROP TABLE IF EXISTS `reviews`;
CREATE TABLE "reviews" (
  "id" int NOT NULL AUTO_INCREMENT,
  "customer_id" int NOT NULL,
  "property_id" int NOT NULL,
  "booking_id" int NOT NULL,
  "rating" int NOT NULL,
  "comment" text COLLATE utf8mb4_general_ci,
  "created_at" timestamp NOT NULL DEFAULT CURRENT_TIMESTAMP,
  PRIMARY KEY ("id"),
  UNIQUE KEY "booking_id" ("booking_id"),
  KEY "customer_id" ("customer_id"),
  KEY "property_id" ("property_id"),
  CONSTRAINT "reviews_ibfk_1" FOREIGN KEY ("customer_id") REFERENCES "users" ("id") ON DELETE CASCADE,
  CONSTRAINT "reviews_ibfk_2" FOREIGN KEY ("property_id") REFERENCES "properties" ("id") ON DELETE CASCADE,
  CONSTRAINT "reviews_ibfk_3" FOREIGN KEY ("booking_id") REFERENCES "bookings" ("id") ON DELETE CASCADE
);

-- (Bảng reviews không có dữ liệu)

SET FOREIGN_KEY_CHECKS = 1;

-- ✅ Import hoàn tất!
